team_name,year,wins,losses,winning_percentage,games_behind,wild_card_games_behind,record_in_the_last_10_games,current_streak,runs_scored,runs_allowed,run_differential,expected_win_loss_record,record_at_home,record_when_away,record_against_top_50_percent
Anaheim Angels,2004,92,70,0.568,13.0,,7-3,L1,836,734,102,91-71,45-36,47-34,43-43
Anaheim Angels,2000,82,80,0.506,15.0,9.0,5-5,L2,864,869,-5,81-81,46-35,36-45,42-49
Anaheim Angels,2001,75,87,0.463,41.0,27.0,1-9,L7,691,730,-39,77-85,39-42,36-45,37-55
Anaheim Angels,1998,85,77,0.525,29.0,7.0,4-6,W1,787,783,4,81-81,42-39,43-38,30-36
Anaheim Angels,1999,70,92,0.432,33.0,24.0,7-3,W5,711,826,-115,70-92,37-44,33-48,27-45
Anaheim Angels,2003,77,85,0.475,24.0,18.0,5-5,W1,736,743,-7,80-82,44-37,33-48,48-58
Anaheim Angels,2002,99,63,0.611,4.5,,4-6,W2,851,644,207,101-61,54-27,45-36,38-42
Arizona Diamondbacks,2009,70,92,0.432,33.0,22.0,4-6,W1,720,782,-62,75-87,36-45,34-47,35-61
Arizona Diamondbacks,2022,74,88,0.457,37.0,13.0,4-6,W1,702,740,-38,77-85,40-41,34-47,39-60
Arizona Diamondbacks,2011,94,68,0.58,8.0,,7-3,L1,731,662,69,88-74,51-30,43-38,32-32
Arizona Diamondbacks,2021,52,110,0.321,55.0,38.0,4-6,W2,679,893,-214,61-101,32-49,20-61,22-63
Arizona Diamondbacks,2005,77,85,0.475,23.0,12.0,8-2,L1,696,856,-160,66-96,36-45,41-40,31-48
Arizona Diamondbacks,2023,84,78,0.519,20.0,,4-6,L4,746,761,-15,80-82,43-38,41-40,40-50
Arizona Diamondbacks,2015,79,83,0.488,21.0,18.0,6-4,W1,720,713,7,82-80,39-42,40-41,32-53
Arizona Diamondbacks,2003,84,78,0.519,17.0,7.0,5-5,L2,717,685,32,84-78,45-36,39-42,43-48
Arizona Diamondbacks,2014,64,98,0.395,34.0,24.0,2-8,L1,615,742,-127,67-95,33-48,31-50,21-54
Arizona Diamondbacks,2006,76,86,0.469,21.0,12.0,4-6,L2,773,788,-15,80-82,39-42,37-44,31-41
Arizona Diamondbacks,1998,65,97,0.401,49.0,24.5,4-6,L1,665,812,-147,66-96,34-47,31-50,30-61
Arizona Diamondbacks,2004,51,111,0.315,54.0,41.0,4-6,W2,615,899,-284,54-108,29-52,22-59,30-70
Arizona Diamondbacks,1999,100,62,0.617,3.0,,8-2,W2,908,676,232,102-60,52-29,48-33,30-27
Arizona Diamondbacks,2020,25,35,0.417,18.0,,6-4,W1,269,295,-26,27-33,16-14,9-21,9-15
Arizona Diamondbacks,2019,85,77,0.525,22.0,4.0,8-2,W5,813,743,70,88-74,44-37,41-40,35-40
Arizona Diamondbacks,2017,93,69,0.574,11.0,6.0,6-4,W1,812,659,153,96-66,52-29,41-40,39-35
Arizona Diamondbacks,2008,82,80,0.506,18.0,8.0,6-4,W3,720,706,14,82-80,48-33,34-47,28-44
Arizona Diamondbacks,2018,82,80,0.506,26.0,8.5,4-6,L1,693,644,49,86-76,40-41,42-39,42-48
Arizona Diamondbacks,2007,90,72,0.556,6.0,,5-5,L2,712,732,-20,79-83,50-31,40-41,45-47
Arizona Diamondbacks,2001,92,70,0.568,24.0,,7-3,L2,818,677,141,95-67,48-33,44-37,42-43
Arizona Diamondbacks,2002,98,64,0.605,5.5,,4-6,W4,819,674,145,95-67,55-26,43-38,33-35
Arizona Diamondbacks,2016,69,93,0.426,34.5,18.0,5-5,W3,752,890,-138,69-93,33-48,36-45,30-52
Arizona Diamondbacks,2000,85,77,0.525,12.0,9.0,5-5,L1,792,754,38,85-77,47-34,38-43,36-46
Arizona Diamondbacks,2024,89,73,0.549,9.0,,5-5,W1,886,788,98,90-72,44-37,45-36,45-48
Arizona Diamondbacks,2010,65,97,0.401,32.0,26.0,4-6,L2,713,836,-123,69-93,40-41,25-56,39-59
Arizona Diamondbacks,2013,81,81,0.5,16.0,9.0,4-6,W1,685,695,-10,80-82,45-36,36-45,34-34
Arizona Diamondbacks,2012,81,81,0.5,17.0,7.0,4-6,L1,734,688,46,86-76,41-40,40-41,38-45
Atlanta Braves,2006,79,83,0.488,18.0,9.0,5-5,W1,849,805,44,85-77,40-41,39-42,32-41
Atlanta Braves,2014,79,83,0.488,19.0,9.0,3-7,W2,573,597,-24,78-84,42-39,37-44,28-34
Atlanta Braves,2015,67,95,0.414,33.0,30.0,6-4,W3,573,760,-187,61-101,42-39,25-56,29-53
Atlanta Braves,2024,89,73,0.549,9.0,,7-3,W1,704,607,97,92-70,46-35,43-38,52-41
Atlanta Braves,2009,86,76,0.531,17.0,6.0,4-6,L6,735,641,94,91-71,40-41,46-35,40-39
Atlanta Braves,2007,84,78,0.519,12.0,5.5,5-5,L2,810,733,77,88-74,44-37,40-41,47-43
Atlanta Braves,2021,88,73,0.547,18.5,,8-2,W2,790,656,134,94-67,42-38,46-35,31-37
Atlanta Braves,2004,96,66,0.593,9.0,,7-3,L1,803,668,135,95-67,49-32,47-34,46-36
Atlanta Braves,2008,72,90,0.444,28.0,18.0,5-5,L1,753,778,-25,79-83,43-38,29-52,45-57
Atlanta Braves,2023,104,58,0.642,,,7-3,L1,947,716,231,101-61,52-29,52-29,55-33
Atlanta Braves,2017,72,90,0.444,32.0,15.0,3-7,W1,732,821,-89,73-89,37-44,35-46,25-37
Atlanta Braves,2002,101,59,0.631,1.5,,6-4,L1,708,565,143,96-64,52-28,49-31,39-22
Atlanta Braves,2005,90,72,0.556,10.0,,4-6,L4,769,674,95,91-71,53-28,37-44,57-51
Atlanta Braves,2018,90,72,0.556,18.0,,6-4,L2,759,657,102,92-70,43-38,47-34,38-40
Atlanta Braves,1999,103,59,0.636,,,8-2,W1,840,661,179,98-64,56-25,47-34,38-20
Atlanta Braves,2011,89,73,0.549,13.0,1.0,2-8,L5,641,605,36,85-77,47-34,42-39,28-32
Atlanta Braves,2020,35,25,0.583,8.0,,6-4,L2,348,288,60,35-25,19-11,16-14,12-9
Atlanta Braves,2019,97,65,0.599,10.0,,4-6,L3,855,743,112,91-71,50-31,47-34,52-43
Atlanta Braves,2010,91,71,0.562,6.0,,5-5,W1,738,629,109,93-69,56-25,35-46,29-33
Atlanta Braves,2013,96,66,0.593,1.0,,6-4,W1,688,548,140,98-64,56-25,40-41,39-24
Atlanta Braves,2000,95,67,0.586,2.0,,5-5,L1,810,714,96,90-72,51-30,44-37,42-33
Atlanta Braves,2003,101,61,0.623,,,7-3,W1,907,740,167,96-66,55-26,46-35,57-43
Atlanta Braves,2012,94,68,0.58,4.0,6.0,7-3,W1,700,600,100,92-70,48-33,46-35,45-41
Atlanta Braves,2001,88,74,0.543,28.0,,6-4,L1,729,643,86,90-72,40-41,48-33,43-42
Atlanta Braves,2016,68,93,0.422,35.0,18.5,8-2,W2,649,779,-130,67-94,31-50,37-43,27-49
Atlanta Braves,1998,106,56,0.654,8.0,,9-1,W7,826,581,245,106-56,56-25,50-31,46-30
Atlanta Braves,2022,101,61,0.623,10.0,,7-3,L1,789,609,180,100-62,55-26,46-35,40-37
Baltimore Orioles,2022,83,79,0.512,28.0,3.0,4-6,L1,674,688,-14,79-83,45-36,38-43,42-47
Baltimore Orioles,2001,63,98,0.391,52.5,38.5,2-7,L5,687,829,-142,67-94,30-50,33-48,28-58
Baltimore Orioles,2008,68,93,0.422,31.5,26.5,1-9,L1,782,869,-87,73-88,37-43,31-50,42-71
Baltimore Orioles,2014,96,66,0.593,2.0,,4-6,W1,705,593,112,94-68,50-31,46-35,51-40
Baltimore Orioles,2011,69,93,0.426,33.0,22.0,6-4,W1,708,860,-152,67-95,39-42,30-51,38-65
Baltimore Orioles,2009,64,98,0.395,39.0,31.0,4-6,W4,741,876,-135,69-93,39-42,25-56,37-68
Baltimore Orioles,2003,71,91,0.438,30.0,24.0,3-7,L2,743,820,-77,74-88,40-40,31-51,40-70
Baltimore Orioles,2007,69,93,0.426,27.0,25.0,4-6,L2,756,868,-112,71-91,35-46,34-47,36-62
Baltimore Orioles,2021,52,110,0.321,55.0,40.0,4-6,L3,659,956,-297,54-108,27-54,25-56,30-78
Baltimore Orioles,2015,81,81,0.5,19.0,5.0,5-5,W5,713,693,20,83-79,47-31,34-50,37-51
Baltimore Orioles,2002,67,95,0.414,36.5,32.0,0-10,L12,667,773,-106,70-92,34-47,33-48,35-52
Baltimore Orioles,2023,101,61,0.623,3.0,,6-4,L1,807,678,129,94-68,49-32,52-29,51-39
Baltimore Orioles,2006,70,92,0.432,27.0,25.0,4-6,L1,768,899,-131,69-93,40-41,30-51,36-64
Baltimore Orioles,2005,74,88,0.457,26.0,19.0,4-6,W3,729,800,-71,74-88,36-45,38-43,31-51
Baltimore Orioles,2012,93,69,0.574,5.0,,6-4,L1,712,705,7,82-80,47-34,46-35,44-43
Baltimore Orioles,2018,47,115,0.29,61.0,50.0,3-7,W1,622,892,-270,55-107,28-53,19-62,26-67
Baltimore Orioles,2004,78,84,0.481,27.0,20.0,6-4,W1,842,830,12,82-80,38-43,40-41,32-56
Baltimore Orioles,2020,25,35,0.417,18.0,,3-7,W1,274,294,-20,28-32,13-20,12-15,11-26
Baltimore Orioles,2019,54,108,0.333,53.0,42.0,5-5,L1,729,981,-252,60-102,25-56,29-52,26-67
Baltimore Orioles,2016,89,73,0.549,14.5,,7-3,W1,744,715,29,84-78,50-31,39-42,53-54
Baltimore Orioles,2010,66,96,0.407,31.0,29.0,5-5,L1,613,785,-172,63-99,37-44,29-52,47-76
Baltimore Orioles,2017,75,87,0.463,29.0,10.0,2-8,L5,743,841,-98,72-90,46-35,29-52,25-46
Baltimore Orioles,2024,91,71,0.562,7.0,5.0,7-3,W3,786,699,87,90-72,44-37,47-34,47-44
Baltimore Orioles,1998,79,83,0.488,35.0,13.0,2-8,L1,817,785,32,84-78,42-39,37-44,33-43
Baltimore Orioles,1999,78,84,0.481,25.0,16.0,3-7,L4,851,815,36,84-78,41-40,37-44,26-51
Baltimore Orioles,2000,74,88,0.457,23.0,17.0,7-3,W4,794,913,-119,71-91,44-37,30-51,39-57
Baltimore Orioles,2013,85,77,0.525,12.0,6.5,4-6,W2,745,709,36,85-77,46-35,39-42,51-50
Boston Red Sox,2001,82,79,0.509,33.5,19.5,6-4,W5,772,745,27,83-78,41-40,41-39,27-42
Boston Red Sox,2014,71,91,0.438,27.0,17.0,5-5,L1,634,715,-81,72-90,34-47,37-44,38-68
Boston Red Sox,2013,97,65,0.599,,,5-5,L2,853,656,197,100-62,53-28,44-37,53-43
Boston Red Sox,1998,92,70,0.568,22.0,,6-4,W1,876,729,147,94-68,51-30,41-40,32-31
Boston Red Sox,2015,78,84,0.481,22.0,8.0,6-4,L4,748,753,-5,81-81,43-38,35-46,44-59
Boston Red Sox,2023,78,84,0.481,26.0,10.0,3-7,W1,772,776,-4,81-81,39-42,39-42,51-55
Boston Red Sox,2003,95,67,0.586,6.0,,6-4,L2,961,809,152,94-68,53-28,42-39,46-39
Boston Red Sox,2005,95,67,0.586,5.0,,7-3,W1,910,805,105,90-72,54-27,41-40,39-28
Boston Red Sox,1999,94,68,0.58,9.0,,6-4,W3,836,718,118,92-70,49-32,45-36,36-28
Boston Red Sox,2004,98,64,0.605,7.0,,7-3,L1,949,768,181,96-66,55-26,43-38,42-31
Boston Red Sox,2024,81,81,0.5,17.0,5.0,5-5,W1,751,747,4,81-81,38-43,43-38,37-56
Boston Red Sox,2012,69,93,0.426,29.0,24.0,1-9,L8,734,806,-72,74-88,34-47,35-46,37-67
Boston Red Sox,2000,85,77,0.525,12.0,6.0,5-5,L1,792,745,47,86-76,42-39,43-38,41-46
Boston Red Sox,2002,93,69,0.574,10.5,6.0,7-3,W1,859,665,194,100-62,42-39,51-30,29-39
Boston Red Sox,2019,84,78,0.519,23.0,12.0,4-6,W1,901,828,73,87-75,38-43,46-35,28-45
Boston Red Sox,2018,108,54,0.667,,,5-5,W1,876,647,229,103-59,57-24,51-30,41-33
Boston Red Sox,2021,92,70,0.568,15.0,,5-5,W3,829,749,80,88-74,49-32,43-38,46-48
Boston Red Sox,2006,86,76,0.531,11.0,9.0,5-5,W1,820,825,-5,81-81,48-33,38-43,37-44
Boston Red Sox,2017,93,69,0.574,11.0,,5-5,L1,785,668,117,93-69,48-33,45-36,27-23
Boston Red Sox,2022,78,84,0.481,33.0,8.0,6-4,W3,735,787,-52,76-86,43-38,35-46,47-65
Boston Red Sox,2008,95,67,0.586,5.0,,6-4,W1,845,694,151,95-67,56-25,39-42,49-49
Boston Red Sox,2020,24,36,0.4,19.0,,6-4,W2,292,351,-59,25-35,11-20,13-16,13-26
Boston Red Sox,2016,93,69,0.574,10.5,,5-5,L2,878,694,184,98-64,47-34,46-35,55-48
Boston Red Sox,2009,95,67,0.586,8.0,,4-6,W4,872,736,136,93-69,56-25,39-42,44-41
Boston Red Sox,2010,89,73,0.549,8.0,6.0,5-5,W2,818,744,74,88-74,46-35,43-38,50-53
Boston Red Sox,2011,90,72,0.556,12.0,1.0,3-7,L1,875,737,138,94-68,45-36,45-36,46-38
Boston Red Sox,2007,96,66,0.593,,,6-4,L1,867,657,210,101-61,51-30,45-36,44-40
Chicago Cubs,2011,71,91,0.438,31.0,19.0,4-6,L1,654,756,-102,70-92,39-42,32-49,30-43
Chicago Cubs,1998,90,73,0.552,24.5,,4-6,W1,831,792,39,85-78,51-31,39-42,34-36
Chicago Cubs,2021,71,91,0.438,36.0,19.0,4-6,W2,705,839,-134,68-94,39-42,32-49,31-60
Chicago Cubs,2006,66,96,0.407,31.0,22.0,4-6,W1,716,834,-118,70-92,36-45,30-51,29-43
Chicago Cubs,2023,83,79,0.512,21.0,1.0,4-6,L1,819,723,96,90-72,45-36,38-43,38-51
Chicago Cubs,2022,74,88,0.457,37.0,13.0,8-2,W1,657,731,-74,73-89,37-44,37-44,37-58
Chicago Cubs,2020,34,26,0.567,9.0,,4-6,W1,265,240,25,33-27,19-14,15-12,19-14
Chicago Cubs,2010,75,87,0.463,22.0,16.0,6-4,L1,685,767,-82,73-89,35-46,40-41,32-43
Chicago Cubs,2015,97,65,0.599,3.0,,8-2,W8,689,608,81,90-72,49-32,48-33,44-32
Chicago Cubs,2016,103,58,0.64,,,6-3,W1,808,556,252,107-54,57-24,46-34,31-25
Chicago Cubs,2014,73,89,0.451,25.0,15.0,5-5,W1,614,707,-93,71-91,41-40,32-49,37-50
Chicago Cubs,1999,67,95,0.414,36.0,29.5,6-4,L1,747,920,-173,66-96,34-47,33-48,20-41
Chicago Cubs,2005,79,83,0.488,21.0,10.0,5-5,L2,703,714,-11,80-82,38-43,41-40,46-55
Chicago Cubs,2012,61,101,0.377,37.0,27.0,2-8,W1,613,759,-146,65-97,38-43,23-58,32-69
Chicago Cubs,2002,67,95,0.414,36.5,28.5,3-7,W2,706,759,-53,76-86,36-45,31-50,31-45
Chicago Cubs,2018,95,68,0.583,13.5,4.0,6-4,L1,761,645,116,94-69,51-31,44-37,49-46
Chicago Cubs,2013,66,96,0.407,31.0,24.0,3-7,L3,602,689,-87,71-91,31-50,35-46,30-60
Chicago Cubs,2007,85,77,0.525,11.0,,6-4,L1,752,690,62,87-75,44-37,41-40,32-37
Chicago Cubs,2001,88,74,0.543,28.0,5.0,6-4,L1,777,701,76,89-73,48-33,40-41,42-40
Chicago Cubs,2024,83,79,0.512,15.0,6.0,6-4,L1,736,669,67,88-74,44-37,39-42,43-47
Chicago Cubs,2004,89,73,0.549,16.0,3.0,3-7,W1,789,665,124,94-68,44-37,45-36,43-43
Chicago Cubs,2008,97,64,0.602,2.5,,5-5,L1,855,671,184,98-63,55-26,42-38,51-42
Chicago Cubs,2019,84,78,0.519,23.0,5.0,2-8,L1,814,717,97,90-72,51-30,33-48,39-45
Chicago Cubs,2000,65,97,0.401,32.0,29.0,5-5,W1,764,904,-140,69-93,38-43,27-54,32-51
Chicago Cubs,2017,92,70,0.568,12.0,,7-3,L1,822,695,127,93-69,48-33,44-37,35-35
Chicago Cubs,2009,83,78,0.516,19.5,8.5,5-5,L1,707,672,35,84-77,46-34,37-44,23-38
Chicago Cubs,2003,88,74,0.543,13.0,,6-4,L1,724,683,41,85-77,44-37,44-37,42-45
Chicago White Sox,2019,72,89,0.447,34.5,23.5,7-3,W1,708,832,-124,69-92,39-41,33-48,35-53
Chicago White Sox,1999,75,86,0.466,27.5,18.5,7-2,W4,777,870,-93,72-89,38-42,37-44,28-41
Chicago White Sox,2020,35,25,0.583,8.0,,2-8,L1,306,246,60,36-24,18-12,17-13,12-20
Chicago White Sox,2000,95,67,0.586,2.0,,4-6,L1,978,839,139,92-70,46-35,49-32,49-35
Chicago White Sox,2010,88,74,0.543,9.0,7.0,8-2,W2,752,704,48,86-76,45-36,43-38,38-47
Chicago White Sox,2004,83,79,0.512,22.0,15.0,6-4,W1,865,831,34,84-78,46-35,37-44,33-41
Chicago White Sox,2008,89,74,0.546,11.5,,4-6,W3,811,729,82,89-74,54-28,35-46,40-48
Chicago White Sox,2003,86,76,0.531,15.0,9.0,6-4,W3,791,715,76,88-74,51-30,35-46,48-47
Chicago White Sox,2012,85,77,0.525,13.0,8.0,4-6,W1,748,676,72,88-74,45-36,40-41,33-39
Chicago White Sox,2021,93,69,0.574,14.0,,7-3,L1,796,636,160,97-65,53-28,40-41,27-29
Chicago White Sox,2022,81,81,0.5,30.0,5.0,5-5,L1,686,717,-31,78-84,37-44,44-37,31-36
Chicago White Sox,2014,73,89,0.451,25.0,15.0,4-6,L1,660,758,-98,71-91,40-41,33-48,45-59
Chicago White Sox,2017,67,95,0.414,37.0,18.0,6-4,L1,706,820,-114,70-92,39-42,28-53,23-49
Chicago White Sox,2001,83,79,0.512,33.0,19.0,4-6,L2,798,795,3,81-81,46-35,37-44,26-51
Chicago White Sox,2016,78,84,0.481,25.5,11.0,6-4,L2,686,715,-29,78-84,45-36,33-48,51-61
Chicago White Sox,2009,79,83,0.488,24.0,16.0,6-4,L1,724,732,-8,80-82,43-38,36-45,45-47
Chicago White Sox,2013,63,99,0.389,34.0,28.5,3-7,L1,598,723,-125,67-95,37-44,26-55,36-66
Chicago White Sox,2018,62,100,0.383,46.0,35.0,2-8,L5,656,848,-192,62-100,30-51,32-49,24-51
Chicago White Sox,1998,80,82,0.494,34.0,12.0,8-2,W3,861,931,-70,75-87,44-37,36-45,34-41
Chicago White Sox,2006,90,72,0.556,7.0,5.0,5-5,L1,868,794,74,88-74,49-32,41-40,44-36
Chicago White Sox,2005,99,63,0.611,1.0,,8-2,W5,741,645,96,91-71,47-34,52-29,39-33
Chicago White Sox,2007,72,90,0.444,24.0,22.0,6-4,L1,693,839,-146,67-95,38-43,34-47,33-54
Chicago White Sox,2024,41,121,0.253,57.0,45.0,5-5,W2,507,813,-306,48-114,23-58,18-63,23-90
Chicago White Sox,2015,76,86,0.469,24.0,10.0,4-6,L1,622,701,-79,72-90,40-41,36-45,49-61
Chicago White Sox,2002,81,81,0.5,22.5,18.0,5-5,L3,856,798,58,86-76,47-34,34-47,25-39
Chicago White Sox,2011,79,83,0.488,23.0,12.0,5-5,L1,654,706,-52,75-87,36-45,43-38,28-41
Chicago White Sox,2023,61,101,0.377,43.0,27.0,3-7,L3,641,841,-200,61-101,31-50,30-51,26-59
Cincinnati Reds,2007,72,90,0.444,24.0,17.5,3-7,W1,783,853,-70,75-87,39-42,33-48,42-47
Cincinnati Reds,2006,80,82,0.494,17.0,8.0,6-4,L2,749,801,-52,76-86,42-39,38-43,27-34
Cincinnati Reds,2021,83,79,0.512,24.0,7.0,5-5,W1,786,760,26,83-79,44-37,39-42,31-37
Cincinnati Reds,2020,31,29,0.517,12.0,,7-3,W1,243,243,0,30-30,16-13,15-16,13-17
Cincinnati Reds,1999,96,67,0.589,7.5,1.0,6-4,L1,865,711,154,96-67,45-37,51-30,29-27
Cincinnati Reds,2017,68,94,0.42,36.0,19.0,2-8,W1,753,869,-116,70-92,39-42,29-52,34-60
Cincinnati Reds,2000,85,77,0.525,12.0,9.0,6-4,L1,825,765,60,87-75,43-38,42-39,38-34
Cincinnati Reds,2008,74,88,0.457,26.0,16.0,4-6,L5,704,800,-96,72-90,43-38,31-50,51-64
Cincinnati Reds,2002,78,84,0.481,25.5,17.5,4-6,L3,709,774,-65,75-87,38-43,40-41,24-51
Cincinnati Reds,2018,67,95,0.414,41.0,23.5,2-8,L1,696,819,-123,69-93,37-44,30-51,44-71
Cincinnati Reds,2001,66,96,0.407,50.0,27.0,4-6,L5,735,850,-115,70-92,27-54,39-42,37-62
Cincinnati Reds,2004,76,86,0.469,29.0,16.0,6-4,L2,750,907,-157,67-95,40-41,36-45,42-53
Cincinnati Reds,2024,77,85,0.475,21.0,12.0,3-7,W1,699,694,5,82-80,39-42,38-43,46-59
Cincinnati Reds,2003,69,93,0.426,32.0,22.0,4-6,L1,694,886,-192,63-99,35-46,34-47,43-61
Cincinnati Reds,2012,97,65,0.599,1.0,,5-5,L1,669,588,81,91-71,50-31,47-34,40-36
Cincinnati Reds,2014,76,86,0.469,22.0,12.0,5-5,W2,595,612,-17,79-83,44-37,32-49,45-45
Cincinnati Reds,2023,82,80,0.506,22.0,2.0,3-7,L2,783,821,-38,77-85,38-43,44-37,41-47
Cincinnati Reds,2015,64,98,0.395,36.0,33.0,1-9,L1,640,754,-114,69-93,34-47,30-51,35-62
Cincinnati Reds,2016,68,94,0.42,35.5,19.0,5-5,L1,716,854,-138,68-94,38-43,30-51,24-54
Cincinnati Reds,2010,91,71,0.562,6.0,,5-5,W2,790,685,105,92-70,49-32,42-39,20-33
Cincinnati Reds,2022,62,100,0.383,49.0,25.0,3-7,L1,648,815,-167,64-98,33-48,29-52,32-61
Cincinnati Reds,2019,75,87,0.463,32.0,14.0,4-6,W2,701,711,-10,80-82,41-40,34-47,46-60
Cincinnati Reds,2009,78,84,0.481,25.0,14.0,7-3,W2,673,723,-50,76-86,40-41,38-43,28-44
Cincinnati Reds,2005,73,89,0.451,27.0,16.0,2-8,L4,820,889,-69,75-87,42-39,31-50,37-61
Cincinnati Reds,2011,79,83,0.488,23.0,11.0,5-5,L1,735,720,15,83-79,42-39,37-44,36-37
Cincinnati Reds,2013,90,72,0.556,7.0,,4-6,L5,698,589,109,93-69,49-31,41-41,35-42
Cincinnati Reds,1998,77,85,0.475,37.0,12.5,7-3,W3,750,760,-10,80-82,39-42,38-43,30-54
Cleveland Guardians,2024,92,69,0.571,5.5,,5-5,L2,708,621,87,90-71,50-30,42-39,50-47
Cleveland Guardians,2023,76,86,0.469,28.0,12.0,4-6,L2,662,697,-35,77-85,42-39,34-47,41-45
Cleveland Guardians,2022,92,70,0.568,19.0,,7-3,W2,698,634,64,88-74,46-35,46-35,34-34
Cleveland Indians,2009,65,97,0.401,38.0,30.0,4-6,L5,773,865,-92,73-89,35-46,30-51,33-59
Cleveland Indians,2020,35,25,0.583,8.0,,8-2,W1,248,209,39,35-25,18-12,17-13,16-15
Cleveland Indians,2018,91,71,0.562,17.0,,6-4,W1,818,648,170,98-64,49-32,42-39,23-31
Cleveland Indians,2001,91,71,0.562,25.0,,4-6,W1,897,821,76,88-74,44-36,47-35,42-34
Cleveland Indians,2008,81,81,0.5,19.0,14.0,6-4,L1,805,761,44,85-77,45-36,36-45,37-38
Cleveland Indians,2010,69,93,0.426,28.0,26.0,7-3,L2,646,752,-106,70-92,38-43,31-50,45-68
Cleveland Indians,2019,93,69,0.574,14.0,3.0,4-6,L5,769,657,112,93-69,49-32,44-37,25-39
Cleveland Indians,2013,92,70,0.568,5.0,0.5,10-0,W10,745,662,83,90-72,51-30,41-40,36-52
Cleveland Indians,2021,80,82,0.494,27.0,12.0,5-5,W1,717,727,-10,80-82,40-41,40-41,28-51
Cleveland Indians,2006,78,84,0.481,19.0,17.0,8-2,W4,870,782,88,89-73,44-37,34-47,45-53
Cleveland Indians,2011,80,82,0.494,22.0,11.0,4-6,L4,704,760,-56,75-87,44-37,36-45,26-47
Cleveland Indians,2007,96,66,0.593,,,6-4,W1,811,704,107,91-71,51-29,45-37,30-30
Cleveland Indians,2016,94,67,0.584,9.0,,6-4,W3,777,676,101,91-70,53-28,41-39,48-43
Cleveland Indians,2002,74,88,0.457,29.5,25.0,7-3,W4,739,837,-98,72-90,39-42,35-46,35-50
Cleveland Indians,2003,68,94,0.42,33.0,27.0,3-7,L2,699,778,-79,73-89,38-43,30-51,36-64
Cleveland Indians,2014,85,77,0.525,13.0,3.0,6-4,W1,669,653,16,83-79,48-33,37-44,36-47
Cleveland Indians,1998,89,73,0.549,25.0,,3-7,L1,850,779,71,87-75,46-35,43-38,30-32
Cleveland Indians,2015,81,80,0.503,18.5,4.5,6-4,W3,669,640,29,84-77,39-41,42-39,41-46
Cleveland Indians,2004,80,82,0.494,25.0,18.0,6-4,W1,858,857,1,81-81,44-37,36-45,37-47
Cleveland Indians,2017,102,60,0.63,2.0,,7-3,W1,818,564,254,108-54,49-32,53-28,27-22
Cleveland Indians,2012,68,94,0.42,30.0,25.0,6-4,L1,667,845,-178,64-98,37-44,31-50,42-53
Cleveland Indians,2000,90,72,0.556,7.0,1.0,7-3,W3,950,816,134,92-70,48-33,42-39,48-38
Cleveland Indians,2005,93,69,0.574,7.0,,4-6,L3,790,642,148,96-66,43-38,50-31,31-40
Cleveland Indians,1999,97,65,0.599,6.0,,5-5,L3,1009,860,149,93-69,47-34,50-31,30-35
Colorado Rockies,2008,74,88,0.457,26.0,16.0,5-5,L3,747,822,-75,74-88,43-38,31-50,37-56
Colorado Rockies,2006,76,86,0.469,21.0,12.0,5-5,L1,813,812,1,81-81,44-37,32-49,31-44
Colorado Rockies,2015,68,94,0.42,32.0,29.0,5-5,W1,737,844,-107,71-91,36-45,32-49,29-53
Colorado Rockies,2007,90,73,0.552,6.5,,9-1,W3,860,758,102,91-72,51-31,39-42,54-42
Colorado Rockies,2003,74,88,0.457,27.0,17.0,5-5,W2,853,892,-39,78-84,49-32,25-56,43-63
Colorado Rockies,2021,74,87,0.46,32.5,15.5,3-7,L2,739,796,-57,75-86,48-33,26-54,31-52
Colorado Rockies,2002,73,89,0.451,30.5,22.5,4-6,L5,778,898,-120,70-92,47-34,26-55,35-56
Colorado Rockies,2024,61,101,0.377,37.0,28.0,2-8,L3,682,929,-247,59-103,37-44,24-57,42-63
Colorado Rockies,2013,74,88,0.457,23.0,16.0,5-5,W2,706,760,-54,76-86,45-36,29-52,36-48
Colorado Rockies,2001,73,89,0.451,43.0,20.0,6-4,W1,923,906,17,82-80,41-40,32-49,43-60
Colorado Rockies,2020,26,34,0.433,17.0,,4-6,L1,275,353,-78,23-37,12-18,14-16,9-15
Colorado Rockies,1998,77,85,0.475,37.0,12.5,5-5,W1,826,855,-29,78-84,42-39,35-46,36-52
Colorado Rockies,2009,92,70,0.568,11.0,,6-4,L2,804,715,89,90-72,51-30,41-40,38-43
Colorado Rockies,2014,66,96,0.407,32.0,22.0,5-5,L4,755,818,-63,75-87,45-36,21-60,22-51
Colorado Rockies,2017,87,75,0.537,17.0,,5-5,L2,824,757,67,87-75,46-35,41-40,37-35
Colorado Rockies,2016,75,87,0.463,28.5,12.0,2-8,L2,845,860,-15,80-82,42-39,33-48,40-40
Colorado Rockies,2018,91,72,0.558,17.5,,8-2,L1,780,745,35,85-78,47-34,44-38,48-44
Colorado Rockies,2023,59,103,0.364,45.0,25.0,3-7,W1,721,957,-236,60-102,37-44,22-59,31-72
Colorado Rockies,1999,72,90,0.444,31.0,24.5,4-6,W1,906,1028,-122,72-90,39-42,33-48,25-42
Colorado Rockies,2004,68,94,0.42,37.0,24.0,1-9,L4,833,923,-90,73-89,38-43,30-51,39-62
Colorado Rockies,2022,68,94,0.42,43.0,19.0,3-7,L1,698,873,-175,65-97,41-40,27-54,35-63
Colorado Rockies,2000,82,80,0.506,15.0,12.0,5-5,W1,968,897,71,87-75,48-33,34-47,34-49
Colorado Rockies,2010,83,79,0.512,14.0,8.0,1-9,L8,770,717,53,86-76,52-29,31-50,40-32
Colorado Rockies,2019,71,91,0.438,36.0,18.0,5-5,W3,835,958,-123,71-91,43-38,28-53,38-60
Colorado Rockies,2011,73,89,0.451,29.0,17.0,3-7,W1,735,774,-39,77-85,38-43,35-46,30-58
Colorado Rockies,2012,64,98,0.395,34.0,24.0,6-4,W1,758,890,-132,69-93,35-46,29-52,37-71
Colorado Rockies,2005,67,95,0.414,33.0,22.0,4-6,W1,740,862,-122,70-92,40-41,27-54,27-48
Detroit Tigers,2016,86,75,0.534,17.0,2.5,5-5,L2,750,721,29,83-78,45-35,41-40,37-52
Detroit Tigers,2020,23,35,0.397,19.0,,2-8,L1,249,318,-69,23-35,12-15,11-20,14-27
Detroit Tigers,2006,95,67,0.586,2.0,,4-6,L5,822,675,147,95-67,46-35,49-32,40-40
Detroit Tigers,2021,77,85,0.475,30.0,15.0,3-7,W1,697,756,-59,75-87,42-39,35-46,39-36
Detroit Tigers,2007,88,74,0.543,8.0,6.0,5-5,W1,887,797,90,89-73,45-36,43-38,35-35
Detroit Tigers,2019,47,114,0.292,59.5,48.5,2-8,L1,582,915,-333,49-112,22-59,25-55,19-65
Detroit Tigers,2022,66,96,0.407,45.0,20.0,6-4,L3,557,713,-156,63-99,36-46,30-50,32-56
Detroit Tigers,2005,71,91,0.438,29.0,22.0,4-6,L5,723,787,-64,75-87,39-42,32-49,32-59
Detroit Tigers,2012,88,74,0.543,10.0,,8-2,W1,726,670,56,87-75,50-31,38-43,40-34
Detroit Tigers,2011,95,67,0.586,7.0,,7-3,W4,787,711,76,89-73,50-31,45-36,28-23
Detroit Tigers,2010,81,81,0.5,16.0,14.0,4-6,W1,751,743,8,82-80,52-29,29-52,38-45
Detroit Tigers,1998,65,97,0.401,49.0,27.0,7-3,L2,722,863,-141,68-94,32-49,33-48,25-48
Detroit Tigers,2002,55,106,0.342,48.0,43.5,1-9,L4,575,864,-289,52-109,33-47,22-59,24-63
Detroit Tigers,2009,86,77,0.528,17.5,9.5,4-6,L1,743,745,-2,81-82,51-30,35-47,36-39
Detroit Tigers,2023,78,84,0.481,26.0,10.0,7-3,W2,661,740,-79,73-89,37-44,41-40,31-54
Detroit Tigers,2015,74,87,0.46,25.5,11.5,4-6,W1,689,803,-114,69-92,38-43,36-44,51-59
Detroit Tigers,1999,69,92,0.429,33.5,24.5,8-2,W1,747,882,-135,68-93,38-43,31-49,28-47
Detroit Tigers,2017,64,98,0.395,40.0,21.0,2-8,L1,735,894,-159,67-95,34-47,30-51,28-40
Detroit Tigers,2014,90,72,0.556,8.0,,6-4,W1,757,705,52,86-76,45-36,45-36,49-39
Detroit Tigers,2001,66,96,0.407,50.0,36.0,4-6,L1,724,876,-152,67-95,37-44,29-52,32-66
Detroit Tigers,2003,43,119,0.265,58.0,52.0,5-5,W2,591,928,-337,49-113,23-58,20-61,25-83
Detroit Tigers,2004,72,90,0.444,33.0,26.0,4-6,L1,827,844,-17,79-83,38-43,34-47,39-49
Detroit Tigers,2008,74,88,0.457,26.0,21.0,3-7,L2,821,857,-36,78-84,40-41,34-47,41-59
Detroit Tigers,2000,79,83,0.488,18.0,12.0,5-5,W3,823,827,-4,81-81,43-38,36-45,48-48
Detroit Tigers,2013,93,69,0.574,4.0,,5-5,L3,796,624,172,99-63,51-30,42-39,48-40
Detroit Tigers,2018,64,98,0.395,44.0,33.0,3-7,L5,630,796,-166,64-98,38-43,26-55,21-53
Detroit Tigers,2024,86,76,0.531,12.0,,7-3,L2,682,642,40,85-77,43-38,43-38,47-50
Florida Marlins,2003,91,71,0.562,10.0,,7-3,W1,751,692,59,87-75,53-28,38-43,53-48
Florida Marlins,1998,54,108,0.333,60.0,35.5,4-6,L1,667,923,-256,58-104,31-50,23-58,30-57
Florida Marlins,2004,83,79,0.512,22.0,9.0,4-6,L1,718,700,18,83-79,42-39,41-40,36-45
Florida Marlins,2000,79,82,0.491,17.5,14.5,8-2,W6,731,797,-66,74-87,43-38,36-44,40-46
Florida Marlins,2007,71,91,0.438,25.0,18.5,6-4,W1,790,891,-101,72-90,36-45,35-46,44-53
Florida Marlins,2009,87,75,0.537,16.0,5.0,6-4,L1,772,766,6,82-80,43-38,44-37,39-41
Florida Marlins,1999,64,98,0.395,39.0,32.5,4-6,L1,691,852,-161,66-96,35-45,29-53,19-50
Florida Marlins,2010,80,82,0.494,17.0,11.0,4-6,W2,719,717,2,81-81,41-40,39-42,31-52
Florida Marlins,2002,79,83,0.488,24.5,16.5,6-4,W1,699,763,-64,75-87,46-35,33-48,34-38
Florida Marlins,2001,76,86,0.469,40.0,17.0,6-4,W1,742,744,-2,81-81,46-34,30-52,40-60
Florida Marlins,2011,72,90,0.444,30.0,18.0,3-7,L1,625,702,-77,72-90,31-47,41-43,28-54
Florida Marlins,2008,84,77,0.522,15.5,5.5,5-5,W1,770,767,3,81-80,45-36,39-41,43-41
Florida Marlins,2006,78,84,0.481,19.0,10.0,3-7,W1,758,772,-14,80-82,42-39,36-45,27-45
Florida Marlins,2005,83,79,0.512,17.0,6.0,4-6,W3,717,732,-15,79-83,45-36,38-43,47-56
Houston Astros,2011,56,106,0.346,46.0,34.0,4-6,L2,615,796,-181,62-100,31-50,25-56,24-56
Houston Astros,2017,101,61,0.623,3.0,,8-2,W1,896,700,196,99-63,48-33,53-28,18-15
Houston Astros,2002,84,78,0.519,19.5,11.5,3-7,L3,749,695,54,87-75,47-34,37-44,20-35
Houston Astros,2023,90,72,0.556,14.0,,6-4,W4,827,698,129,93-69,39-42,51-30,42-43
Houston Astros,2020,29,31,0.483,14.0,,4-6,L3,279,275,4,30-30,20-8,9-23,4-13
Houston Astros,2009,74,88,0.457,29.0,18.0,3-7,L3,643,770,-127,68-94,44-37,30-51,40-45
Houston Astros,2014,70,92,0.432,28.0,18.0,3-7,L2,629,723,-94,71-91,38-43,32-49,43-58
Houston Astros,2018,103,59,0.636,5.0,,8-2,L1,797,534,263,109-53,46-35,57-24,41-38
Houston Astros,2007,73,89,0.451,23.0,16.5,7-3,W2,723,813,-90,72-90,42-39,31-50,38-48
Houston Astros,2016,84,78,0.519,19.5,5.0,3-7,L1,724,701,23,83-79,43-38,41-40,39-53
Houston Astros,2022,106,56,0.654,5.0,,7-3,W2,737,518,219,106-56,55-26,51-30,42-27
Houston Astros,2021,95,67,0.586,12.0,,4-6,W2,863,658,205,101-61,51-30,44-37,45-32
Houston Astros,2024,88,73,0.547,9.5,,6-4,W2,740,649,91,90-71,46-35,42-38,41-43
Houston Astros,2019,107,55,0.66,,,8-2,W3,920,640,280,107-55,60-21,47-34,35-28
Houston Astros,2013,51,111,0.315,46.0,40.5,0-10,L15,610,848,-238,57-105,24-57,27-54,18-76
Houston Astros,2006,82,80,0.506,15.0,6.0,8-2,L1,735,719,16,83-79,44-37,38-43,21-28
Houston Astros,2010,76,86,0.469,21.0,15.0,3-7,W1,611,729,-118,68-94,42-39,34-47,30-47
Houston Astros,2015,86,76,0.531,14.0,,6-4,L1,729,618,111,93-69,53-28,33-48,42-43
Houston Astros,2004,92,70,0.568,13.0,,9-1,W7,803,698,105,91-71,48-33,44-37,41-41
Houston Astros,2003,87,75,0.537,14.0,4.0,4-6,W1,805,677,128,94-68,48-33,39-42,37-45
Houston Astros,2008,86,75,0.534,13.5,3.5,6-4,W1,712,743,-31,77-84,47-33,39-42,43-46
Houston Astros,2005,89,73,0.549,11.0,,6-4,W2,693,609,84,91-71,53-28,36-45,39-35
Houston Astros,1999,97,65,0.599,6.0,,5-5,W2,823,675,148,96-66,50-32,47-33,20-30
Houston Astros,1998,102,60,0.63,12.0,,5-5,W1,874,620,254,106-56,55-26,47-34,38-33
Houston Astros,2001,93,69,0.574,23.0,,3-7,W1,847,769,78,88-74,44-37,49-32,39-36
Houston Astros,2012,55,107,0.34,43.0,33.0,5-5,L1,583,794,-211,59-103,35-46,20-61,29-68
Houston Astros,2000,72,90,0.444,25.0,22.0,4-6,W2,938,944,-6,81-81,39-42,33-48,28-52
Kansas City Royals,2023,56,106,0.346,48.0,32.0,6-4,W1,676,859,-183,64-98,33-48,23-58,25-60
Kansas City Royals,2016,81,81,0.5,22.5,8.0,4-6,L4,675,712,-37,77-85,47-34,34-47,40-55
Kansas City Royals,2000,77,85,0.475,20.0,14.0,7-3,W1,879,930,-51,77-85,42-39,35-46,41-52
Kansas City Royals,2018,58,104,0.358,50.0,39.0,6-4,L1,638,833,-195,62-100,32-49,26-55,18-56
Kansas City Royals,2008,75,87,0.463,25.0,20.0,7-3,L1,691,781,-90,72-90,38-43,37-44,41-62
Kansas City Royals,2007,69,93,0.426,27.0,25.0,3-7,L1,706,778,-72,74-88,35-46,34-47,34-50
Kansas City Royals,2019,59,103,0.364,48.0,37.0,3-7,W1,691,869,-178,64-98,31-50,28-53,28-60
Kansas City Royals,2014,89,73,0.549,9.0,1.0,6-4,W1,651,624,27,84-78,42-39,47-34,44-45
Kansas City Royals,2009,65,97,0.401,38.0,30.0,2-8,L3,686,842,-156,66-96,33-48,32-49,31-60
Kansas City Royals,2017,80,82,0.494,24.0,5.0,5-5,L1,702,791,-89,72-90,43-38,37-44,29-42
Kansas City Royals,2013,86,76,0.531,11.0,5.5,6-4,W1,648,601,47,87-75,44-37,42-39,44-45
Kansas City Royals,2003,83,79,0.512,18.0,12.0,4-6,L3,836,867,-31,78-84,40-41,43-38,36-53
Kansas City Royals,1999,64,97,0.398,38.5,29.5,4-6,L1,856,921,-65,75-86,33-47,31-50,25-44
Kansas City Royals,2020,26,34,0.433,17.0,,5-5,W1,248,272,-24,27-33,15-15,11-19,17-27
Kansas City Royals,2010,67,95,0.414,30.0,28.0,4-6,L2,676,845,-169,65-97,38-43,29-52,44-69
Kansas City Royals,2002,62,100,0.383,41.5,37.0,4-6,L3,737,891,-154,67-95,37-44,25-56,24-62
Kansas City Royals,2006,62,100,0.383,35.0,33.0,4-6,W3,757,971,-214,63-99,34-47,28-53,40-69
Kansas City Royals,2015,95,67,0.586,5.0,,6-4,W5,724,641,83,90-72,51-30,44-37,47-43
Kansas City Royals,2012,72,90,0.444,26.0,21.0,2-8,L1,676,746,-70,74-88,37-44,35-46,47-50
Kansas City Royals,2001,65,97,0.401,51.0,37.0,6-4,W1,729,858,-129,69-93,35-46,30-51,33-66
Kansas City Royals,2011,71,91,0.438,31.0,20.0,5-5,L2,730,762,-32,78-84,40-41,31-50,30-43
Kansas City Royals,2024,86,76,0.531,12.0,,4-6,W1,735,644,91,91-71,45-36,41-40,45-54
Kansas City Royals,2022,65,97,0.401,46.0,21.0,3-7,L2,640,810,-170,64-98,39-42,26-55,34-58
Kansas City Royals,2005,56,106,0.346,44.0,37.0,4-6,L1,701,935,-234,60-102,34-47,22-59,28-61
Kansas City Royals,2004,58,104,0.358,47.0,40.0,2-8,L1,720,905,-185,64-98,33-47,25-57,25-62
Kansas City Royals,1998,72,89,0.447,41.5,19.5,2-8,L3,714,899,-185,64-97,29-51,43-38,26-49
Kansas City Royals,2021,74,88,0.457,33.0,18.0,5-5,L2,686,788,-102,71-91,39-42,35-46,35-44
Los Angeles Angels,2021,77,85,0.475,30.0,15.0,5-5,W1,723,804,-81,73-89,40-42,37-43,39-62
Los Angeles Angels,2020,26,34,0.433,17.0,,6-4,L3,294,321,-27,28-32,16-15,10-19,7-13
Los Angeles Angels,2017,80,82,0.494,24.0,5.0,4-6,W1,710,709,1,81-81,43-38,37-44,21-31
Los Angeles Angels,2005,95,67,0.586,5.0,,8-2,W4,761,643,118,93-69,49-32,46-35,44-35
Los Angeles Angels,2016,74,88,0.457,29.5,15.0,8-2,W1,717,727,-10,80-82,40-41,34-47,46-68
Los Angeles Angels,2023,73,89,0.451,31.0,15.0,4-6,W1,739,829,-90,73-89,38-43,35-46,35-63
Los Angeles Angels,2014,98,64,0.605,,,3-7,L3,773,630,143,96-66,52-29,46-35,41-43
Los Angeles Angels,2024,63,99,0.389,35.0,23.0,1-9,L6,635,797,-162,64-98,32-49,31-50,40-58
Los Angeles Angels,2007,94,68,0.58,2.0,,4-6,L1,822,731,91,90-72,54-27,40-41,41-28
Los Angeles Angels,2010,80,82,0.494,17.0,15.0,5-5,W1,681,702,-21,79-83,43-38,37-44,46-60
Los Angeles Angels,2022,73,89,0.451,38.0,13.0,7-3,L3,623,668,-45,76-86,40-41,33-48,34-58
Los Angeles Angels,2011,86,76,0.531,16.0,5.0,3-7,L4,667,633,34,85-77,45-36,41-40,32-38
Los Angeles Angels,2019,72,90,0.444,35.0,24.0,3-7,L3,769,868,-99,72-90,38-43,34-47,29-55
Los Angeles Angels,2006,89,73,0.549,8.0,6.0,7-3,L1,766,732,34,84-78,45-36,44-37,39-38
Los Angeles Angels,2009,97,65,0.599,6.0,,7-3,W3,883,761,122,92-70,49-32,48-33,50-44
Los Angeles Angels,2008,100,62,0.617,,,7-3,W1,765,697,68,88-74,50-31,50-31,46-30
Los Angeles Angels,2015,85,77,0.525,15.0,1.0,7-3,L1,661,675,-14,79-83,49-32,36-45,38-48
Los Angeles Angels,2018,80,82,0.494,28.0,17.0,5-5,W1,721,722,-1,81-81,42-39,38-43,35-61
Los Angeles Angels,2013,78,84,0.481,19.0,13.5,4-6,L4,733,737,-4,81-81,39-42,39-42,42-55
Los Angeles Angels,2012,89,73,0.549,9.0,4.0,6-4,L2,767,699,68,88-74,46-35,43-38,49-47
Los Angeles Dodgers,2010,80,82,0.494,17.0,11.0,7-3,W2,667,692,-25,78-84,45-36,35-46,42-51
Los Angeles Dodgers,2009,95,67,0.586,8.0,,4-6,W2,780,611,169,99-63,50-31,45-36,48-35
Los Angeles Dodgers,2002,92,70,0.568,11.5,3.5,7-3,L1,713,643,70,89-73,46-35,46-35,38-34
Los Angeles Dodgers,2018,92,71,0.564,16.5,,7-3,W4,804,610,194,102-61,45-37,47-34,51-38
Los Angeles Dodgers,2012,86,76,0.531,12.0,2.0,8-2,W1,637,597,40,86-76,45-36,41-40,41-50
Los Angeles Dodgers,2013,92,70,0.568,5.0,,5-5,L2,649,582,67,89-73,47-34,45-36,34-31
Los Angeles Dodgers,2003,85,77,0.525,16.0,6.0,4-6,L2,574,556,18,83-79,46-35,39-42,41-47
Los Angeles Dodgers,2021,106,56,0.654,1.0,16.0,9-1,W7,830,561,269,109-53,58-23,48-33,35-27
Los Angeles Dodgers,2011,82,79,0.509,19.5,7.5,7-3,W1,644,612,32,84-77,42-39,40-40,33-38
Los Angeles Dodgers,2007,82,80,0.506,14.0,7.5,3-7,L1,735,727,8,82-80,43-38,39-42,48-54
Los Angeles Dodgers,2020,43,17,0.717,,,8-2,W4,349,213,136,43-17,21-9,22-8,8-5
Los Angeles Dodgers,2004,93,69,0.574,12.0,,6-4,L1,761,684,77,89-73,49-32,44-37,44-43
Los Angeles Dodgers,2008,84,78,0.519,16.0,,5-5,L1,700,648,52,87-75,48-33,36-45,37-41
Los Angeles Dodgers,2015,92,70,0.568,8.0,,5-5,W4,667,595,72,89-73,55-26,37-44,28-37
Los Angeles Dodgers,2017,104,58,0.642,,,8-2,W2,770,580,190,102-60,57-24,47-34,36-33
Los Angeles Dodgers,2006,88,74,0.543,9.0,,9-1,W7,820,751,69,88-74,49-32,39-42,19-38
Los Angeles Dodgers,1998,83,79,0.512,31.0,6.5,6-4,W1,669,678,-9,80-82,48-33,35-46,34-41
Los Angeles Dodgers,2001,86,76,0.531,30.0,7.0,5-5,L1,758,744,14,82-80,44-37,42-39,41-40
Los Angeles Dodgers,2019,106,56,0.654,1.0,,8-2,W7,886,613,273,107-55,59-22,47-34,45-32
Los Angeles Dodgers,2022,111,51,0.685,,,6-4,W1,847,513,334,116-46,57-24,54-27,50-27
Los Angeles Dodgers,2024,98,64,0.605,,,8-2,W5,842,686,156,96-66,52-29,46-35,51-41
Los Angeles Dodgers,2000,86,76,0.531,11.0,8.0,6-4,L1,798,729,69,88-74,44-37,42-39,40-46
Los Angeles Dodgers,2005,71,91,0.438,29.0,18.0,4-6,L1,685,755,-70,74-88,40-41,31-50,36-44
Los Angeles Dodgers,2016,91,71,0.562,12.5,,5-5,L3,725,638,87,90-72,53-28,38-43,31-26
Los Angeles Dodgers,1999,77,85,0.475,26.0,19.5,6-4,L2,793,787,6,82-80,37-44,40-41,29-36
Los Angeles Dodgers,2014,94,68,0.58,4.0,,8-2,W5,718,617,101,92-70,45-36,49-32,26-33
Los Angeles Dodgers,2023,100,62,0.617,4.0,,6-4,W1,906,699,207,100-62,53-28,47-34,52-36
Miami Marlins,2021,67,95,0.414,40.0,23.0,3-7,W2,623,701,-78,72-90,42-39,25-56,31-56
Miami Marlins,2020,31,29,0.517,12.0,,5-5,W1,263,304,-41,26-34,11-15,20-14,9-14
Miami Marlins,2023,84,78,0.519,20.0,,5-5,L1,666,723,-57,75-87,46-35,38-43,38-50
Miami Marlins,2016,79,82,0.491,24.0,7.5,3-7,L2,655,682,-27,78-83,40-40,39-42,32-43
Miami Marlins,2012,69,93,0.426,29.0,19.0,3-7,L1,609,724,-115,68-94,38-43,31-50,41-61
Miami Marlins,2018,63,98,0.391,44.5,27.0,4-6,L2,589,809,-220,58-103,38-43,25-55,34-62
Miami Marlins,2013,62,100,0.383,35.0,28.0,6-4,W4,513,646,-133,64-98,36-45,26-55,26-57
Miami Marlins,2017,77,85,0.475,27.0,10.0,5-5,L1,778,822,-44,77-85,42-36,35-49,22-40
Miami Marlins,2022,69,93,0.426,42.0,18.0,6-4,W1,586,676,-90,70-92,34-47,35-46,36-65
Miami Marlins,2014,77,85,0.475,21.0,11.0,3-7,L2,645,674,-29,78-84,42-39,35-46,25-35
Miami Marlins,2019,57,105,0.352,50.0,32.0,4-6,W1,615,808,-193,61-101,30-51,27-54,38-83
Miami Marlins,2015,71,91,0.438,29.0,26.0,6-4,L1,613,678,-65,74-88,41-40,30-51,33-47
Miami Marlins,2024,62,100,0.383,36.0,27.0,6-4,W4,637,841,-204,61-101,30-51,32-49,42-61
Milwaukee Brewers,2021,95,67,0.586,12.0,,4-6,L4,738,623,115,93-69,45-36,50-31,32-36
Milwaukee Brewers,2001,68,94,0.42,48.0,25.0,3-7,W2,740,806,-66,75-87,36-45,32-49,42-57
Milwaukee Brewers,2008,90,72,0.556,10.0,,6-4,W1,750,689,61,87-75,49-32,41-40,41-48
Milwaukee Brewers,2018,96,67,0.589,12.5,,9-1,W8,754,659,95,91-72,51-30,45-37,49-46
Milwaukee Brewers,2006,75,87,0.463,22.0,13.0,6-4,W1,730,833,-103,71-91,48-33,27-54,28-37
Milwaukee Brewers,2003,68,94,0.42,33.0,23.0,3-7,L1,714,873,-159,66-96,31-50,37-44,35-68
Milwaukee Brewers,2000,73,89,0.451,24.0,21.0,6-4,L2,740,826,-86,73-89,42-39,31-50,35-48
Milwaukee Brewers,2022,86,76,0.531,25.0,1.0,4-6,L1,725,688,37,85-77,46-35,40-41,35-36
Milwaukee Brewers,2015,68,94,0.42,32.0,29.0,4-6,L4,655,737,-82,72-90,34-47,34-47,36-61
Milwaukee Brewers,2019,89,73,0.549,18.0,,7-3,L3,769,766,3,81-81,49-32,40-41,48-40
Milwaukee Brewers,1999,74,87,0.46,28.5,22.0,6-4,L1,815,886,-71,74-87,32-48,42-39,25-35
Milwaukee Brewers,1998,74,88,0.457,40.0,15.5,3-7,L1,707,812,-105,71-91,38-43,36-45,27-55
Milwaukee Brewers,2024,93,69,0.574,5.0,,5-5,L1,777,641,136,95-67,47-34,46-35,52-41
Milwaukee Brewers,2012,83,79,0.512,15.0,5.0,4-6,L1,776,733,43,85-77,49-32,34-47,32-41
Milwaukee Brewers,2011,96,66,0.593,6.0,,7-3,W2,721,638,83,90-72,57-24,39-42,27-34
Milwaukee Brewers,2016,73,89,0.451,30.5,14.0,5-5,W2,671,733,-62,74-88,41-40,32-49,27-46
Milwaukee Brewers,2020,29,31,0.483,14.0,,5-5,L1,247,264,-17,28-32,15-14,14-17,19-24
Milwaukee Brewers,2009,80,82,0.494,23.0,12.0,5-5,W3,785,818,-33,78-84,40-41,40-41,35-50
Milwaukee Brewers,2010,77,85,0.475,20.0,14.0,6-4,L2,750,804,-54,76-86,40-41,37-44,28-46
Milwaukee Brewers,2017,86,76,0.531,18.0,1.0,5-5,W1,732,697,35,85-77,46-38,40-38,37-38
Milwaukee Brewers,2004,67,94,0.416,37.5,24.5,4-6,L1,634,757,-123,68-93,36-45,31-49,37-61
Milwaukee Brewers,2002,56,106,0.346,47.5,39.5,2-8,L2,627,821,-194,61-101,31-50,25-56,24-53
Milwaukee Brewers,2007,83,79,0.512,13.0,6.5,5-5,W2,801,776,25,83-79,51-30,32-49,27-37
Milwaukee Brewers,2013,74,88,0.457,23.0,16.0,6-4,L1,640,687,-47,76-86,37-44,37-44,34-56
Milwaukee Brewers,2005,81,81,0.5,19.0,8.0,6-4,L2,726,697,29,84-78,46-35,35-46,36-47
Milwaukee Brewers,2014,82,80,0.506,16.0,6.0,3-7,L1,650,657,-7,80-82,42-39,40-41,33-33
Milwaukee Brewers,2023,92,70,0.568,12.0,,6-4,W1,728,647,81,90-72,49-32,43-38,51-38
Minnesota Twins,1999,63,97,0.394,39.0,30.0,1-8,L8,686,845,-159,65-95,31-50,32-47,25-47
Minnesota Twins,2001,85,77,0.525,31.0,17.0,5-5,W2,771,766,5,81-81,47-34,38-43,34-43
Minnesota Twins,2012,66,96,0.407,32.0,27.0,3-7,L5,701,832,-131,68-94,31-50,35-46,33-63
Minnesota Twins,2015,83,79,0.512,17.0,3.0,5-5,L3,696,700,-4,81-81,46-35,37-44,42-46
Minnesota Twins,2002,94,67,0.584,9.0,,6-4,W3,768,712,56,86-75,54-27,40-40,28-33
Minnesota Twins,2011,63,99,0.389,39.0,28.0,4-6,W2,619,804,-185,62-100,33-48,30-51,25-56
Minnesota Twins,2008,88,75,0.54,12.5,7.5,5-5,L1,829,745,84,89-74,53-28,35-47,40-43
Minnesota Twins,2004,92,70,0.568,13.0,,4-6,L1,780,715,65,87-75,49-32,43-38,28-29
Minnesota Twins,2003,90,72,0.556,11.0,,7-3,L2,801,758,43,85-77,48-33,42-39,39-42
Minnesota Twins,2000,69,93,0.426,28.0,22.0,3-7,L3,748,880,-132,69-93,36-45,33-48,38-56
Minnesota Twins,2024,82,80,0.506,16.0,4.0,2-8,L4,742,735,7,82-80,43-38,39-42,39-59
Minnesota Twins,2014,70,92,0.432,28.0,18.0,5-5,L1,715,777,-62,75-87,35-46,35-46,44-64
Minnesota Twins,2007,79,83,0.488,17.0,15.0,4-6,W1,718,725,-7,80-82,41-40,38-43,36-54
Minnesota Twins,2018,78,84,0.481,30.0,19.0,7-3,W6,738,775,-37,77-85,49-32,29-52,29-47
Minnesota Twins,1998,70,92,0.432,44.0,22.0,5-5,W1,734,818,-84,73-89,35-46,35-46,37-38
Minnesota Twins,2016,59,103,0.364,44.5,30.0,4-6,W2,722,889,-167,66-96,30-51,29-52,35-75
Minnesota Twins,2021,73,89,0.451,34.0,19.0,6-4,W2,729,834,-105,71-91,38-43,35-46,29-49
Minnesota Twins,2023,87,75,0.537,17.0,,7-3,L1,778,659,119,93-69,47-34,40-41,37-36
Minnesota Twins,2010,94,68,0.58,3.0,,2-8,L1,781,671,110,92-70,53-28,41-40,50-42
Minnesota Twins,2019,101,61,0.623,6.0,,8-2,L1,939,754,185,97-65,46-35,55-26,32-37
Minnesota Twins,2009,87,76,0.534,16.5,,7-3,W5,817,765,52,86-77,49-33,38-43,36-38
Minnesota Twins,2005,83,79,0.512,17.0,10.0,5-5,W3,688,662,26,84-78,45-36,38-43,33-45
Minnesota Twins,2022,78,84,0.481,33.0,8.0,4-6,W1,696,684,12,82-80,46-35,32-49,39-53
Minnesota Twins,2013,66,96,0.407,31.0,25.5,1-9,L6,614,788,-174,63-99,32-49,34-47,33-71
Minnesota Twins,2017,85,77,0.525,19.0,,7-3,W1,815,788,27,83-79,41-40,44-37,20-31
Minnesota Twins,2020,36,24,0.6,7.0,,6-4,L1,269,215,54,36-24,24-7,12-17,18-12
Minnesota Twins,2006,96,66,0.593,1.0,,6-4,W1,801,683,118,93-69,54-27,42-39,41-38
Montreal Expos,2002,83,79,0.512,20.5,12.5,7-3,W4,735,718,17,83-79,49-32,34-47,22-31
Montreal Expos,2004,67,95,0.414,38.0,25.0,3-7,L1,635,769,-134,67-95,35-45,32-50,36-65
Montreal Expos,1999,68,94,0.42,35.0,28.5,4-6,L1,718,853,-135,68-94,35-46,33-48,27-45
Montreal Expos,2000,67,95,0.414,30.0,27.0,1-9,L9,738,902,-164,66-96,37-44,30-51,31-57
Montreal Expos,2001,68,94,0.42,48.0,25.0,4-6,W1,670,812,-142,67-95,34-47,34-47,39-61
Montreal Expos,2003,83,79,0.512,18.0,8.0,6-4,W1,711,716,-5,80-82,52-29,31-50,44-62
Montreal Expos,1998,65,97,0.401,49.0,24.5,5-5,L1,644,783,-139,67-95,39-42,26-55,33-54
New York Mets,2004,71,91,0.438,34.0,21.0,5-5,W1,684,731,-47,76-86,38-43,33-48,38-65
New York Mets,2008,89,73,0.549,11.0,1.0,4-6,L1,799,715,84,89-73,48-33,41-40,46-38
New York Mets,2001,82,80,0.506,34.0,11.0,4-6,L1,642,713,-71,73-89,44-37,38-43,40-44
New York Mets,2022,101,61,0.623,10.0,14.0,5-5,W3,772,606,166,99-63,54-27,47-34,45-37
New York Mets,2017,70,92,0.432,34.0,17.0,5-5,L1,735,863,-128,69-93,37-44,33-48,17-49
New York Mets,2009,70,92,0.432,33.0,22.0,5-5,W3,671,757,-86,72-90,41-40,29-52,39-63
New York Mets,2021,77,85,0.475,30.0,13.0,4-6,L2,636,668,-32,77-85,47-34,30-51,33-53
New York Mets,2016,87,75,0.537,16.5,,7-3,L1,671,617,54,87-75,44-37,43-38,30-30
New York Mets,2006,97,65,0.599,,,5-5,W4,834,731,103,91-71,50-31,47-34,33-24
New York Mets,2015,90,72,0.556,10.0,,5-5,W1,683,613,70,89-73,49-32,41-40,28-38
New York Mets,2000,94,68,0.58,3.0,,8-2,W5,807,738,69,88-74,55-26,39-42,42-36
New York Mets,2005,83,79,0.512,17.0,6.0,8-2,L1,722,648,74,89-73,48-33,35-46,57-58
New York Mets,2011,77,85,0.475,25.0,13.0,5-5,W1,718,742,-24,79-83,34-47,43-38,38-44
New York Mets,2024,89,73,0.549,9.0,,5-5,L1,768,697,71,88-74,46-35,43-38,47-46
New York Mets,2007,88,74,0.543,8.0,1.5,4-6,L1,804,750,54,86-76,41-40,47-34,41-46
New York Mets,2014,79,83,0.488,19.0,9.0,6-4,W2,629,618,11,82-80,40-41,39-42,24-43
New York Mets,2023,75,87,0.463,29.0,9.0,4-6,L1,717,729,-12,80-82,43-38,32-49,45-57
New York Mets,2013,74,88,0.457,23.0,16.0,6-4,W1,619,684,-65,74-88,33-48,41-40,33-51
New York Mets,1998,88,74,0.543,26.0,1.5,4-6,L5,706,645,61,88-74,47-34,41-40,35-39
New York Mets,2019,86,76,0.531,21.0,3.0,7-3,W3,791,737,54,86-76,48-33,38-43,47-55
New York Mets,2012,74,88,0.457,24.0,14.0,5-5,W1,650,709,-59,75-87,36-45,38-43,46-62
New York Mets,2020,26,34,0.433,17.0,,3-7,L3,286,308,-22,28-32,12-17,14-17,14-18
New York Mets,2018,77,85,0.475,31.0,13.5,7-3,W2,676,707,-31,78-84,37-44,40-41,40-57
New York Mets,2010,79,83,0.488,18.0,12.0,5-5,L1,656,652,4,81-81,47-34,32-49,37-42
New York Mets,1999,97,66,0.595,6.5,,5-5,W4,853,711,142,95-68,49-32,48-34,30-31
New York Mets,2003,66,95,0.41,34.5,24.5,3-7,L1,642,754,-112,69-92,34-46,32-49,43-78
New York Mets,2002,75,86,0.466,28.0,20.0,3-7,W1,690,703,-13,79-82,38-43,37-43,30-51
New York Yankees,2017,91,71,0.562,13.0,6.0,6-4,L1,858,660,198,100-62,51-30,40-41,26-22
New York Yankees,2010,95,67,0.586,2.0,,3-7,L2,859,693,166,97-65,52-29,43-38,51-44
New York Yankees,2018,100,62,0.617,8.0,3.0,7-3,L1,851,669,182,99-63,53-28,47-34,41-30
New York Yankees,2016,84,78,0.519,19.5,5.0,5-5,L1,680,702,-22,79-83,48-33,36-45,52-54
New York Yankees,2011,97,65,0.599,5.0,,5-5,L4,867,657,210,101-61,52-29,45-36,44-38
New York Yankees,2020,33,27,0.55,10.0,,4-6,L1,315,270,45,34-26,22-9,11-18,10-17
New York Yankees,2015,87,75,0.537,13.0,1.0,3-7,L3,764,698,66,88-74,45-36,42-39,40-47
New York Yankees,2009,103,59,0.636,,,7-3,W1,915,753,162,95-67,57-24,46-35,52-35
New York Yankees,2012,95,67,0.586,3.0,,7-3,W4,804,668,136,95-67,51-30,44-37,47-44
New York Yankees,2013,85,77,0.525,12.0,6.5,5-5,W3,650,671,-21,79-83,46-35,39-42,45-52
New York Yankees,1998,114,48,0.704,,,8-2,W7,965,656,309,108-54,62-19,52-29,38-26
New York Yankees,2002,103,58,0.64,,,8-2,W5,897,697,200,99-62,52-28,51-30,37-25
New York Yankees,2003,101,61,0.623,,,7-3,W2,877,716,161,96-66,50-32,51-29,47-37
New York Yankees,2024,94,68,0.58,4.0,,5-5,W1,815,668,147,96-66,44-37,50-31,55-38
New York Yankees,2004,101,61,0.623,4.0,,6-4,W1,897,808,89,89-73,57-24,44-37,35-30
New York Yankees,2000,87,74,0.54,9.5,,2-8,L7,871,814,57,85-76,44-36,43-38,42-43
New York Yankees,2007,94,68,0.58,2.0,,6-4,W2,968,777,191,97-65,52-29,42-39,44-37
New York Yankees,2023,82,80,0.506,22.0,6.0,6-4,L1,673,698,-25,78-84,42-39,40-41,47-46
New York Yankees,1999,98,64,0.605,5.0,,5-5,L1,900,731,169,96-66,48-33,50-31,39-26
New York Yankees,2008,89,73,0.549,11.0,6.0,8-2,L1,789,727,62,87-75,48-33,41-40,51-46
New York Yankees,2014,84,78,0.519,14.0,4.0,6-4,W1,633,664,-31,77-85,43-38,41-40,41-45
New York Yankees,2005,95,67,0.586,5.0,,6-4,L1,886,789,97,90-72,53-28,42-39,36-33
New York Yankees,2019,103,59,0.636,4.0,,4-6,L2,943,739,204,99-63,57-24,46-35,43-32
New York Yankees,2022,99,63,0.611,12.0,,5-5,L2,807,567,240,106-56,57-24,42-39,50-43
New York Yankees,2006,97,65,0.599,,,5-5,L2,930,767,163,95-67,50-31,47-34,45-39
New York Yankees,2001,95,65,0.594,20.0,,5-4,W1,804,713,91,89-71,51-28,44-37,38-31
New York Yankees,2021,92,70,0.568,15.0,,7-3,W1,711,669,42,86-76,46-35,46-35,48-43
Oakland Athletics,2016,69,93,0.426,34.5,20.0,3-7,W2,653,761,-108,70-92,34-47,35-46,49-64
Oakland Athletics,2002,103,59,0.636,0.5,,8-2,W4,800,654,146,96-66,54-27,49-32,46-38
Oakland Athletics,2005,88,74,0.543,12.0,5.0,4-6,W2,772,658,114,93-69,45-36,43-38,37-41
Oakland Athletics,2013,96,66,0.593,1.0,,7-3,W1,767,625,142,96-66,52-29,44-37,40-34
Oakland Athletics,2023,50,112,0.309,54.0,38.0,4-6,L1,585,924,-339,49-113,26-55,24-57,22-76
Oakland Athletics,1998,74,88,0.457,40.0,18.0,5-5,L1,804,866,-62,76-86,39-42,35-46,36-42
Oakland Athletics,2003,96,66,0.593,5.0,,5-5,L3,768,643,125,94-68,57-24,39-42,44-43
Oakland Athletics,2007,76,86,0.469,20.0,18.0,2-8,W1,741,758,-17,79-83,40-41,36-45,38-46
Oakland Athletics,2008,75,86,0.466,24.5,19.5,4-6,L5,646,690,-44,76-85,43-38,32-48,39-52
Oakland Athletics,2021,86,76,0.531,21.0,6.0,4-6,L2,743,687,56,87-75,43-38,43-38,30-51
Oakland Athletics,2020,36,24,0.6,7.0,,5-5,W1,274,232,42,35-25,22-10,14-14,2-4
Oakland Athletics,2006,93,69,0.574,4.0,,4-6,W1,771,727,44,85-77,49-32,44-37,42-37
Oakland Athletics,2019,97,65,0.599,10.0,1.0,6-4,L1,845,680,165,97-65,52-29,45-36,35-27
Oakland Athletics,1999,87,75,0.537,16.0,7.0,3-7,W1,893,846,47,85-77,52-29,35-46,30-33
Oakland Athletics,2022,60,102,0.37,51.0,26.0,4-6,W4,568,770,-202,59-103,29-51,31-51,33-60
Oakland Athletics,2018,97,65,0.599,11.0,,6-4,L1,813,674,139,95-67,50-31,47-34,33-40
Oakland Athletics,2010,81,81,0.5,16.0,14.0,4-6,W4,663,626,37,85-77,47-34,34-47,37-53
Oakland Athletics,2009,75,87,0.463,28.0,20.0,3-7,L7,759,761,-2,81-81,40-41,35-46,48-69
Oakland Athletics,2017,75,87,0.463,29.0,10.0,6-4,W1,739,826,-87,73-89,46-35,29-52,24-25
Oakland Athletics,2014,88,74,0.543,10.0,,5-5,W1,729,572,157,99-63,48-33,40-41,44-40
Oakland Athletics,2024,69,93,0.426,29.0,17.0,3-7,L3,643,764,-121,68-94,38-43,31-50,33-65
Oakland Athletics,2015,68,94,0.42,32.0,18.0,4-6,L1,694,729,-35,77-85,34-47,34-47,45-62
Oakland Athletics,2001,102,60,0.63,14.0,,8-2,W6,884,645,239,104-58,53-28,49-32,42-32
Oakland Athletics,2012,94,68,0.58,4.0,,8-2,W6,713,614,99,92-70,50-31,44-37,47-44
Oakland Athletics,2004,91,71,0.562,14.0,7.0,4-6,W1,793,742,51,86-76,52-29,39-42,39-46
Oakland Athletics,2000,91,70,0.565,5.5,,8-2,W3,947,813,134,92-69,47-34,44-36,49-42
Oakland Athletics,2011,74,88,0.457,28.0,17.0,5-5,W2,645,679,-34,77-85,43-38,31-50,43-51
Philadelphia Phillies,2017,66,96,0.407,38.0,21.0,5-5,W1,690,782,-92,72-90,39-42,27-54,23-43
Philadelphia Phillies,2006,85,77,0.525,12.0,3.0,6-4,L1,865,812,53,86-76,41-40,44-37,23-33
Philadelphia Phillies,2009,93,69,0.574,10.0,,4-6,W1,820,709,111,92-70,45-36,48-33,40-36
Philadelphia Phillies,2018,80,82,0.494,28.0,10.5,2-8,W2,677,728,-51,76-86,49-32,31-50,44-50
Philadelphia Phillies,1998,75,87,0.463,39.0,14.5,5-5,W1,713,808,-95,72-90,40-41,35-46,31-56
Philadelphia Phillies,2015,63,99,0.389,37.0,34.0,6-4,W1,626,809,-183,62-100,37-44,26-55,29-54
Philadelphia Phillies,2005,88,74,0.543,12.0,1.0,7-3,W4,807,726,81,89-73,46-35,42-39,54-54
Philadelphia Phillies,1999,77,85,0.475,26.0,19.5,6-4,W1,841,846,-5,81-81,41-40,36-45,24-43
Philadelphia Phillies,2016,71,91,0.438,32.5,16.0,2-8,W1,610,796,-186,62-100,37-44,34-47,27-49
Philadelphia Phillies,2010,97,65,0.599,,,6-4,L1,772,640,132,95-67,54-30,43-35,40-28
Philadelphia Phillies,2023,90,72,0.556,14.0,6.0,7-3,W1,796,715,81,89-73,49-32,41-40,47-43
Philadelphia Phillies,2008,92,70,0.568,8.0,,7-3,W3,799,680,119,93-69,48-33,44-37,43-46
Philadelphia Phillies,2011,102,60,0.63,,,4-6,W4,713,529,184,103-59,52-29,50-31,37-25
Philadelphia Phillies,2022,87,75,0.537,24.0,,4-6,L2,747,685,62,87-75,47-34,40-41,34-47
Philadelphia Phillies,2021,82,80,0.506,25.0,8.0,4-6,L2,734,745,-11,80-82,47-34,35-46,30-38
Philadelphia Phillies,2024,95,67,0.586,3.0,,4-6,W1,784,671,113,92-70,54-27,41-40,49-41
Philadelphia Phillies,2002,80,81,0.497,23.0,15.0,6-4,L1,710,724,-14,79-82,40-40,40-41,33-42
Philadelphia Phillies,2019,81,81,0.5,26.0,8.0,3-7,L1,774,794,-20,79-83,45-36,36-45,48-52
Philadelphia Phillies,2007,89,73,0.549,7.0,,7-3,W1,892,821,71,87-75,47-34,42-39,43-42
Philadelphia Phillies,2020,28,32,0.467,15.0,,3-7,L3,306,311,-5,30-30,19-13,9-19,13-20
Philadelphia Phillies,2004,86,76,0.531,19.0,6.0,7-3,W1,840,781,59,86-76,42-39,44-37,38-45
Philadelphia Phillies,2000,65,97,0.401,32.0,29.0,2-8,L3,708,830,-122,69-93,34-47,31-50,34-53
Philadelphia Phillies,2003,86,76,0.531,15.0,5.0,3-7,L1,791,697,94,90-72,49-32,37-44,54-49
Philadelphia Phillies,2001,86,76,0.531,30.0,7.0,5-5,W3,746,719,27,84-78,47-34,39-42,36-45
Philadelphia Phillies,2012,81,81,0.5,17.0,7.0,4-6,L2,684,680,4,81-81,40-41,41-40,39-43
Philadelphia Phillies,2014,73,89,0.451,25.0,15.0,3-7,L2,619,687,-68,73-89,37-44,36-45,28-40
Philadelphia Phillies,2013,73,89,0.451,24.0,17.0,2-8,L1,610,749,-139,66-96,43-38,30-51,33-53
Pittsburgh Pirates,1999,78,83,0.484,24.5,18.0,3-7,L3,775,782,-7,80-81,45-36,33-47,26-36
Pittsburgh Pirates,2000,69,93,0.426,28.0,25.0,5-5,L1,793,888,-95,73-89,37-44,32-49,25-54
Pittsburgh Pirates,2002,72,89,0.447,31.0,23.0,6-4,L2,641,730,-89,71-90,38-42,34-47,25-45
Pittsburgh Pirates,1998,69,93,0.426,45.0,20.5,1-9,L8,650,718,-68,74-88,40-40,29-53,32-52
Pittsburgh Pirates,2001,62,100,0.383,54.0,31.0,4-6,W1,657,858,-201,62-100,38-43,24-57,31-67
Pittsburgh Pirates,2024,76,86,0.469,22.0,13.0,5-5,L1,665,739,-74,73-89,39-42,37-44,44-61
Pittsburgh Pirates,2022,62,100,0.383,49.0,25.0,6-4,W1,591,817,-226,58-104,34-47,28-53,26-64
Pittsburgh Pirates,2015,98,64,0.605,2.0,1.0,6-4,W1,697,596,101,93-69,53-28,45-36,42-32
Pittsburgh Pirates,2021,61,101,0.377,46.0,29.0,4-6,L1,609,833,-224,58-104,37-44,24-57,29-59
Pittsburgh Pirates,2013,94,68,0.58,3.0,4.0,7-3,W3,634,577,57,88-74,50-31,44-37,40-34
Pittsburgh Pirates,2017,75,87,0.463,29.0,12.0,7-3,W2,668,731,-63,74-88,44-37,31-50,40-50
Pittsburgh Pirates,2014,88,74,0.543,10.0,,6-4,L2,682,631,51,87-75,51-30,37-44,33-39
Pittsburgh Pirates,2007,68,94,0.42,28.0,21.5,2-8,L4,724,846,-122,70-92,37-44,31-50,29-59
Pittsburgh Pirates,2016,78,83,0.484,25.0,8.5,2-7,L3,729,758,-29,78-83,38-42,40-41,32-45
Pittsburgh Pirates,2003,75,87,0.463,26.0,16.0,4-6,W1,753,801,-48,76-86,39-42,36-45,41-61
Pittsburgh Pirates,2012,79,83,0.488,19.0,9.0,4-6,L1,651,674,-23,78-84,45-36,34-47,41-55
Pittsburgh Pirates,2023,76,86,0.469,28.0,8.0,5-5,W1,692,790,-98,71-91,39-42,37-44,40-62
Pittsburgh Pirates,2004,72,89,0.447,32.5,19.5,4-6,W2,680,744,-64,74-87,39-41,33-48,35-62
Pittsburgh Pirates,2008,67,95,0.414,33.0,23.0,3-7,W1,735,884,-149,67-95,39-42,28-53,40-70
Pittsburgh Pirates,2011,72,90,0.444,30.0,18.0,4-6,L2,610,712,-102,70-92,36-45,36-45,28-44
Pittsburgh Pirates,2010,57,105,0.352,40.0,34.0,4-6,L2,587,866,-279,53-109,40-41,17-64,25-52
Pittsburgh Pirates,2005,67,95,0.414,33.0,22.0,5-5,W2,680,769,-89,72-90,34-47,33-48,36-58
Pittsburgh Pirates,2020,19,41,0.317,24.0,,4-6,L1,219,298,-79,22-38,13-19,6-22,14-30
Pittsburgh Pirates,2019,69,93,0.426,38.0,20.0,4-6,L2,758,911,-153,68-94,35-46,34-47,30-72
Pittsburgh Pirates,2018,82,79,0.509,25.5,8.0,5-5,W1,692,693,-1,80-81,44-36,38-43,39-53
Pittsburgh Pirates,2006,67,95,0.414,30.0,21.0,2-8,W2,691,797,-106,70-92,43-38,24-57,23-48
Pittsburgh Pirates,2009,62,99,0.385,40.5,29.5,6-4,L2,636,768,-132,67-94,40-41,22-58,30-46
San Diego Padres,2024,93,69,0.574,5.0,4.0,7-3,L1,760,669,91,90-72,45-36,48-33,50-44
San Diego Padres,2014,77,85,0.475,21.0,11.0,6-4,L2,535,577,-42,75-87,48-33,29-52,35-42
San Diego Padres,2017,71,91,0.438,33.0,16.0,3-7,L1,604,816,-212,59-103,43-38,28-53,35-56
San Diego Padres,2011,71,91,0.438,31.0,19.0,6-4,W1,593,611,-18,79-83,35-46,36-45,31-54
San Diego Padres,2012,76,86,0.469,22.0,12.0,4-6,W1,651,710,-59,75-87,42-39,34-47,44-61
San Diego Padres,1999,74,88,0.457,29.0,22.5,2-8,L2,710,781,-71,74-88,46-35,28-53,21-46
San Diego Padres,2020,37,23,0.617,6.0,,5-5,W3,325,241,84,38-22,21-11,16-12,6-7
San Diego Padres,2007,89,74,0.546,7.5,1.0,4-6,L3,741,666,75,89-74,47-34,42-40,48-51
San Diego Padres,2019,70,92,0.432,37.0,19.0,1-9,L6,682,789,-107,70-92,36-45,34-47,40-53
San Diego Padres,2015,74,88,0.457,26.0,23.0,3-7,L3,650,731,-81,72-90,39-42,35-46,33-50
San Diego Padres,2000,76,86,0.469,21.0,18.0,2-8,W1,752,815,-63,75-87,41-40,35-46,36-63
San Diego Padres,2006,88,74,0.543,9.0,,8-2,W2,731,679,52,86-76,43-38,45-36,30-19
San Diego Padres,2018,66,96,0.407,42.0,24.5,6-4,W1,617,767,-150,65-97,31-50,35-46,42-66
San Diego Padres,2005,82,80,0.506,18.0,,6-4,W1,684,726,-42,77-85,46-35,36-45,31-29
San Diego Padres,2009,75,87,0.463,28.0,17.0,6-4,L1,638,769,-131,67-95,42-39,33-48,43-58
San Diego Padres,1998,98,64,0.605,16.0,,3-7,W1,749,635,114,93-69,54-27,44-37,41-34
San Diego Padres,2016,68,94,0.42,35.5,19.0,4-6,L4,686,770,-84,72-90,39-42,29-52,32-50
San Diego Padres,2002,66,96,0.407,37.5,29.5,2-8,W1,662,815,-153,66-96,41-40,25-56,35-56
San Diego Padres,2023,82,80,0.506,22.0,2.0,8-2,W5,752,648,104,92-70,44-37,38-43,40-51
San Diego Padres,2003,64,98,0.395,37.0,27.0,4-6,L2,678,831,-153,66-96,35-46,29-52,46-67
San Diego Padres,2010,90,72,0.556,7.0,1.0,5-5,L1,665,581,84,91-71,45-36,45-36,32-36
San Diego Padres,2004,87,75,0.537,18.0,5.0,5-5,L2,768,705,63,87-75,42-39,45-36,37-43
San Diego Padres,2008,63,99,0.389,37.0,27.0,5-5,L1,637,764,-127,68-94,35-46,28-53,34-57
San Diego Padres,2001,79,83,0.488,37.0,14.0,3-7,L1,789,812,-23,79-83,35-46,44-37,46-60
San Diego Padres,2022,89,73,0.549,22.0,2.0,5-5,L1,705,660,45,86-76,44-37,45-36,38-44
San Diego Padres,2013,76,86,0.469,21.0,14.0,5-5,L1,618,700,-82,72-90,45-36,31-50,40-43
San Diego Padres,2021,79,83,0.488,28.0,11.0,2-8,L1,729,708,21,83-79,45-36,34-47,39-44
San Francisco Giants,2012,94,68,0.58,4.0,,5-5,L1,718,649,69,88-74,48-33,46-35,44-42
San Francisco Giants,2016,87,75,0.537,16.5,,7-3,W4,715,631,84,90-72,45-36,42-39,27-33
San Francisco Giants,2010,92,70,0.568,5.0,,7-3,W1,697,583,114,94-68,49-32,43-38,33-41
San Francisco Giants,2001,90,72,0.556,26.0,3.0,7-3,W1,799,748,51,86-76,49-32,41-40,41-43
San Francisco Giants,2021,107,55,0.66,,,8-2,W1,804,594,210,103-59,54-27,53-28,35-28
San Francisco Giants,2015,84,78,0.519,16.0,13.0,5-5,L1,696,627,69,89-73,47-34,37-44,29-33
San Francisco Giants,1998,89,74,0.546,25.5,1.0,7-3,L2,845,739,106,91-72,49-32,40-42,34-45
San Francisco Giants,2020,29,31,0.483,14.0,,4-6,L3,299,297,2,30-30,19-14,10-17,7-19
San Francisco Giants,2005,75,87,0.463,25.0,14.0,4-6,W1,649,745,-96,71-91,37-44,38-43,30-50
San Francisco Giants,2009,88,74,0.543,15.0,4.0,6-4,W1,657,611,46,86-76,52-29,36-45,39-40
San Francisco Giants,2008,72,90,0.444,28.0,18.0,4-6,W1,640,759,-119,68-94,37-44,35-46,33-55
San Francisco Giants,2018,73,89,0.451,35.0,17.5,1-9,L4,603,699,-96,70-92,42-39,31-50,47-63
San Francisco Giants,2003,100,61,0.621,0.5,,7-3,W2,755,638,117,93-68,57-24,43-37,57-39
San Francisco Giants,2004,91,71,0.562,14.0,1.0,5-5,W1,850,770,80,88-74,47-35,44-36,44-41
San Francisco Giants,2002,95,66,0.59,8.0,,9-1,W8,783,616,167,98-63,50-31,45-35,37-34
San Francisco Giants,2024,80,82,0.494,18.0,9.0,6-4,L1,693,699,-6,80-82,42-39,38-43,46-59
San Francisco Giants,2023,79,83,0.488,25.0,5.0,3-7,L1,674,719,-45,76-86,45-36,34-47,46-55
San Francisco Giants,2011,86,76,0.531,16.0,4.0,4-6,L1,570,578,-8,80-82,46-35,40-41,32-34
San Francisco Giants,2007,71,91,0.438,25.0,18.5,4-6,W1,683,720,-37,77-85,39-42,32-49,48-70
San Francisco Giants,2017,64,98,0.395,40.0,23.0,5-5,W1,639,776,-137,67-95,38-43,26-55,36-54
San Francisco Giants,2019,77,85,0.475,30.0,12.0,3-7,L3,678,773,-95,71-91,35-46,42-39,42-55
San Francisco Giants,2000,97,65,0.599,,,5-5,W1,925,747,178,97-65,55-26,42-39,43-42
San Francisco Giants,2022,81,81,0.5,30.0,6.0,7-3,W1,716,697,19,83-79,44-37,37-44,31-47
San Francisco Giants,1999,86,76,0.531,17.0,10.5,3-7,L1,872,831,41,85-77,49-32,37-44,22-35
San Francisco Giants,2006,76,85,0.472,20.5,11.5,1-9,L4,746,790,-44,76-85,43-38,33-47,33-37
San Francisco Giants,2013,76,86,0.469,21.0,14.0,6-4,W1,629,691,-62,74-88,42-40,34-46,41-46
San Francisco Giants,2014,88,74,0.543,10.0,,4-6,W2,665,614,51,87-75,45-36,43-38,27-31
Seattle Mariners,2009,85,77,0.525,18.0,10.0,6-4,W2,640,692,-52,75-87,48-33,37-44,43-47
Seattle Mariners,2010,61,101,0.377,36.0,34.0,3-7,L5,513,698,-185,59-103,35-46,26-55,40-72
Seattle Mariners,2002,93,69,0.574,10.5,6.0,5-5,L2,814,699,115,92-70,48-33,45-36,43-37
Seattle Mariners,2005,69,93,0.426,31.0,24.0,3-7,L2,699,751,-52,76-86,39-42,30-51,41-58
Seattle Mariners,1999,79,83,0.488,24.0,15.0,4-6,L1,859,905,-46,77-85,43-38,36-45,28-42
Seattle Mariners,2021,90,72,0.556,17.0,2.0,7-3,L1,697,748,-51,76-86,46-35,44-37,44-34
Seattle Mariners,2004,63,99,0.389,42.0,35.0,5-5,L2,698,823,-125,69-93,38-44,25-55,37-66
Seattle Mariners,2008,61,101,0.377,39.0,34.0,4-6,W3,671,811,-140,67-95,35-46,26-55,31-52
Seattle Mariners,2014,87,75,0.537,11.0,1.0,5-5,W4,634,554,80,91-71,41-40,46-35,45-35
Seattle Mariners,1998,76,85,0.472,37.5,15.5,5-5,L1,859,855,4,81-80,42-39,34-46,25-53
Seattle Mariners,2006,78,84,0.481,19.0,17.0,5-5,W2,756,792,-36,78-84,44-37,34-47,41-57
Seattle Mariners,2018,89,73,0.549,19.0,8.0,5-5,W3,677,711,-34,77-85,45-36,44-37,39-38
Seattle Mariners,2020,27,33,0.45,16.0,,5-5,L1,254,303,-49,25-35,14-10,13-23,8-12
Seattle Mariners,2012,75,87,0.463,23.0,18.0,3-7,W2,619,651,-32,77-85,40-41,35-46,42-67
Seattle Mariners,2013,71,91,0.438,26.0,20.5,4-6,L1,624,754,-130,67-95,36-45,35-46,40-55
Seattle Mariners,2019,68,94,0.42,39.0,28.0,4-6,W1,758,893,-135,69-93,35-46,33-48,22-59
Seattle Mariners,2017,78,84,0.481,26.0,7.0,4-6,L1,750,772,-22,79-83,40-41,38-43,20-32
Seattle Mariners,2007,88,74,0.543,8.0,6.0,7-3,W5,794,813,-19,79-83,49-33,39-41,32-41
Seattle Mariners,2011,67,95,0.414,35.0,24.0,4-6,L2,556,675,-119,67-95,39-45,28-50,34-57
Seattle Mariners,2022,90,72,0.556,21.0,4.0,7-3,W3,690,623,67,89-73,46-35,44-37,38-33
Seattle Mariners,2003,93,69,0.574,8.0,2.0,6-4,W3,795,637,158,97-65,50-31,43-38,45-33
Seattle Mariners,2023,88,74,0.543,16.0,,4-6,W1,758,659,99,91-71,45-36,43-38,38-48
Seattle Mariners,2001,116,46,0.716,,,8-2,L1,927,627,300,109-53,57-24,59-22,48-23
Seattle Mariners,2024,85,77,0.525,13.0,1.0,8-2,W4,676,607,69,89-73,49-32,36-45,40-46
Seattle Mariners,2016,86,76,0.531,17.5,3.0,6-4,L2,768,707,61,87-75,44-37,42-39,44-47
Seattle Mariners,2000,91,71,0.562,6.0,,5-5,W2,907,780,127,92-70,47-34,44-37,46-43
Seattle Mariners,2015,76,86,0.469,24.0,10.0,2-8,W1,656,726,-70,74-88,36-45,40-41,44-58
St. Louis Cardinals,2012,88,74,0.543,10.0,,7-3,W1,765,648,117,93-69,50-31,38-43,39-40
St. Louis Cardinals,2010,86,76,0.531,11.0,5.0,8-2,W5,736,641,95,91-71,52-29,34-47,37-23
St. Louis Cardinals,1999,75,86,0.466,27.5,21.0,3-7,W1,809,838,-29,78-83,38-42,37-44,21-36
St. Louis Cardinals,2007,78,84,0.481,18.0,11.5,7-3,W5,725,829,-104,71-91,43-38,35-46,37-50
St. Louis Cardinals,2024,83,79,0.512,15.0,6.0,6-4,W1,672,719,-47,76-86,44-37,39-42,44-48
St. Louis Cardinals,1998,83,79,0.512,31.0,6.5,8-2,W1,810,782,28,84-78,48-34,35-45,33-40
St. Louis Cardinals,2009,91,71,0.562,12.0,,2-8,L3,730,640,90,91-71,46-35,45-36,28-32
St. Louis Cardinals,2005,100,62,0.617,,,5-5,W3,805,634,171,98-64,50-31,50-31,47-30
St. Louis Cardinals,2008,86,76,0.531,14.0,4.0,7-3,W6,779,725,54,86-76,46-35,40-41,43-44
St. Louis Cardinals,2014,90,72,0.556,8.0,,6-4,W1,619,603,16,83-79,51-30,39-42,39-33
St. Louis Cardinals,2002,97,65,0.599,6.5,,8-2,W2,787,648,139,95-67,52-29,45-36,32-23
St. Louis Cardinals,2013,97,65,0.599,,,8-2,W6,783,596,187,101-61,54-27,43-38,39-36
St. Louis Cardinals,2023,71,91,0.438,33.0,13.0,4-6,W2,719,829,-110,71-91,35-46,36-45,45-56
St. Louis Cardinals,2004,105,57,0.648,,,5-5,W1,855,659,196,100-62,53-28,52-29,46-33
St. Louis Cardinals,2006,83,78,0.516,13.5,,3-7,L1,781,762,19,82-79,49-31,34-47,21-26
St. Louis Cardinals,2015,100,62,0.617,,,4-6,L3,647,525,122,96-66,55-26,45-36,46-31
St. Louis Cardinals,2003,85,77,0.525,16.0,6.0,7-3,W2,876,796,80,88-74,48-33,37-44,42-50
St. Louis Cardinals,2022,93,69,0.574,18.0,,4-6,L1,772,637,135,95-67,53-28,40-41,34-38
St. Louis Cardinals,2017,83,79,0.512,21.0,4.0,3-7,L1,761,705,56,87-75,44-37,39-42,27-44
St. Louis Cardinals,2018,88,74,0.543,20.0,2.5,4-6,L1,759,691,68,88-74,43-38,45-36,50-43
St. Louis Cardinals,2019,91,71,0.562,16.0,,6-4,W1,764,662,102,92-70,50-31,41-40,42-42
St. Louis Cardinals,2021,90,72,0.556,17.0,,7-3,L2,706,672,34,85-77,45-36,45-36,32-36
St. Louis Cardinals,2016,86,76,0.531,17.5,1.0,6-4,W4,779,712,67,88-74,38-43,48-33,24-35
St. Louis Cardinals,2000,95,67,0.586,2.0,,5-5,W1,887,771,116,91-71,50-31,45-36,33-37
St. Louis Cardinals,2011,90,72,0.556,12.0,,7-3,W2,762,692,70,88-74,45-36,45-36,30-30
St. Louis Cardinals,2001,93,69,0.574,23.0,,7-3,L1,814,684,130,94-68,54-28,39-41,43-35
St. Louis Cardinals,2020,30,28,0.517,12.0,,6-4,W1,240,229,11,30-28,14-13,16-15,15-15
Tampa Bay Devil Rays,2007,66,96,0.407,30.0,28.0,3-7,W1,782,944,-162,67-95,37-44,29-52,38-60
Tampa Bay Devil Rays,2006,61,101,0.377,36.0,34.0,3-7,L4,689,856,-167,65-97,41-40,20-61,34-63
Tampa Bay Devil Rays,2004,70,91,0.435,34.5,27.5,6-4,W1,714,842,-128,68-93,41-39,29-52,30-60
Tampa Bay Devil Rays,2003,63,99,0.389,38.0,32.0,3-7,W2,715,852,-137,68-94,36-45,27-54,39-67
Tampa Bay Devil Rays,2000,69,92,0.429,27.5,21.5,8-2,W1,733,842,-109,70-91,36-44,33-48,36-59
Tampa Bay Devil Rays,1998,63,99,0.389,51.0,29.0,2-8,L6,620,751,-131,67-95,33-48,30-51,22-52
Tampa Bay Devil Rays,2002,55,106,0.342,48.0,43.5,5-5,L1,673,918,-245,58-103,30-51,25-55,21-63
Tampa Bay Devil Rays,2005,67,95,0.414,33.0,26.0,4-6,L4,750,936,-186,65-97,40-41,27-54,37-53
Tampa Bay Devil Rays,1999,69,93,0.426,34.0,25.0,4-6,W1,772,913,-141,69-93,33-48,36-45,28-47
Tampa Bay Devil Rays,2001,62,100,0.383,54.0,40.0,7-3,L1,672,887,-215,61-101,37-44,25-56,31-54
Tampa Bay Rays,2014,77,85,0.475,21.0,11.0,3-7,L1,612,625,-13,79-83,36-45,41-40,47-59
Tampa Bay Rays,2021,100,62,0.617,7.0,,7-3,L1,857,651,206,101-61,52-29,48-33,48-42
Tampa Bay Rays,2010,96,66,0.593,1.0,,5-5,W2,802,649,153,96-66,49-32,47-34,57-40
Tampa Bay Rays,2012,90,72,0.556,8.0,3.0,8-2,W1,697,577,120,95-67,46-35,44-37,45-42
Tampa Bay Rays,2015,80,82,0.494,20.0,6.0,6-4,W2,644,642,2,81-81,42-42,38-40,46-58
Tampa Bay Rays,2023,99,63,0.611,5.0,11.0,6-4,W2,860,665,195,100-62,53-28,46-35,48-44
Tampa Bay Rays,2024,80,82,0.494,18.0,6.0,6-4,L1,604,663,-59,74-88,42-39,38-43,47-57
Tampa Bay Rays,2018,90,72,0.556,18.0,7.0,5-5,W2,716,646,70,89-73,51-30,39-42,34-39
Tampa Bay Rays,2022,86,76,0.531,25.0,,2-8,L5,666,614,52,87-75,51-30,35-46,41-48
Tampa Bay Rays,2017,80,82,0.494,24.0,5.0,6-4,W4,694,704,-10,80-82,42-39,38-43,31-37
Tampa Bay Rays,2009,84,78,0.519,19.0,11.0,6-4,L1,803,754,49,86-76,52-29,32-49,37-47
Tampa Bay Rays,2020,40,20,0.667,3.0,,8-2,W4,289,229,60,36-24,20-9,20-11,21-9
Tampa Bay Rays,2011,91,71,0.562,11.0,,6-4,W5,707,614,93,91-71,47-34,44-37,46-38
Tampa Bay Rays,2019,96,66,0.593,11.0,,7-3,L2,769,656,113,93-69,48-33,48-33,38-35
Tampa Bay Rays,2013,92,71,0.564,5.5,,8-2,W2,700,646,54,87-76,51-30,41-41,48-49
Tampa Bay Rays,2016,68,94,0.42,35.5,21.0,3-7,W2,672,713,-41,77-85,36-45,32-49,47-74
Tampa Bay Rays,2008,97,65,0.599,3.0,,6-4,W1,774,671,103,92-70,57-24,40-41,55-46
Texas Rangers,2015,88,74,0.543,12.0,,5-5,W1,751,733,18,83-79,43-38,45-36,48-36
Texas Rangers,2022,68,94,0.42,43.0,18.0,3-7,W2,707,743,-36,77-85,34-47,34-47,30-57
Texas Rangers,2019,78,84,0.481,29.0,18.0,4-6,W2,810,878,-68,75-87,45-36,33-48,31-53
Texas Rangers,2014,67,95,0.414,31.0,21.0,7-3,L1,637,773,-136,67-95,33-48,34-47,37-63
Texas Rangers,2010,90,72,0.556,7.0,,6-4,L1,787,687,100,91-71,51-30,39-42,39-42
Texas Rangers,2013,91,72,0.558,6.5,1.0,8-2,L1,730,636,94,92-71,46-36,45-36,38-41
Texas Rangers,2024,78,84,0.481,20.0,8.0,5-5,W3,683,738,-55,75-87,44-37,34-47,39-60
Texas Rangers,2016,95,67,0.586,8.5,,5-5,L2,765,757,8,82-80,53-28,42-39,60-31
Texas Rangers,2009,87,75,0.537,16.0,8.0,4-6,L2,784,740,44,85-77,48-33,39-42,46-44
Texas Rangers,2008,79,83,0.488,21.0,16.0,4-6,L1,901,967,-66,76-86,40-41,39-42,37-54
Texas Rangers,2007,75,87,0.463,21.0,19.0,5-5,L3,816,844,-28,79-83,47-34,28-53,38-50
Texas Rangers,2021,60,102,0.37,47.0,32.0,5-5,L1,625,815,-190,62-100,36-45,24-57,34-63
Texas Rangers,2006,80,82,0.494,17.0,15.0,3-7,L2,835,784,51,86-76,39-42,41-40,46-55
Texas Rangers,2020,22,38,0.367,21.0,,4-6,W3,224,312,-88,21-39,16-14,6-24,4-13
Texas Rangers,2001,73,89,0.451,43.0,29.0,3-7,W1,890,968,-78,75-87,41-41,32-48,37-55
Texas Rangers,2004,89,73,0.549,16.0,9.0,4-6,W2,860,794,66,87-75,51-30,38-43,40-45
Texas Rangers,1999,95,67,0.586,8.0,,6-4,L3,945,859,86,88-74,51-30,44-37,35-27
Texas Rangers,2003,71,91,0.438,30.0,24.0,4-6,L1,826,969,-143,69-93,43-38,28-53,41-65
Texas Rangers,2000,71,91,0.438,26.0,20.0,2-8,L3,848,974,-126,71-91,42-39,29-52,40-63
Texas Rangers,2002,72,90,0.444,31.5,27.0,3-7,L4,843,882,-39,78-84,42-39,30-51,35-64
Texas Rangers,2012,93,69,0.574,5.0,,3-7,L3,808,707,101,91-71,50-31,43-38,43-43
Texas Rangers,1998,88,74,0.543,26.0,,6-4,W1,940,871,69,87-75,48-33,40-41,32-33
Texas Rangers,2011,96,66,0.593,6.0,,9-1,W6,855,677,178,98-64,52-29,44-37,35-37
Texas Rangers,2017,78,84,0.481,26.0,7.0,2-8,L1,799,816,-17,79-83,41-40,37-44,18-30
Texas Rangers,2018,67,95,0.414,41.0,30.0,3-7,L3,737,848,-111,71-91,34-47,33-48,33-61
Texas Rangers,2023,90,72,0.556,14.0,,6-4,L1,881,716,165,96-66,50-31,40-41,42-45
Texas Rangers,2005,79,83,0.488,21.0,14.0,4-6,L4,865,858,7,82-80,44-37,35-46,41-58
Toronto Blue Jays,2002,78,84,0.481,25.5,21.0,8-2,W7,813,828,-15,80-82,42-39,36-45,35-58
Toronto Blue Jays,1999,84,78,0.519,19.0,10.0,6-4,W3,883,862,21,83-79,40-41,44-37,21-41
Toronto Blue Jays,2017,76,86,0.469,28.0,9.0,5-5,W1,693,784,-91,72-90,42-39,34-47,27-41
Toronto Blue Jays,2000,83,79,0.512,14.0,8.0,2-8,L4,861,908,-47,77-85,45-36,38-43,39-45
Toronto Blue Jays,2013,74,88,0.457,23.0,17.5,4-6,L1,712,756,-44,77-85,40-41,34-47,51-68
Toronto Blue Jays,2012,73,89,0.451,25.0,20.0,7-3,W3,716,784,-68,74-88,41-40,32-49,40-68
Toronto Blue Jays,2001,80,82,0.494,36.0,22.0,6-4,L1,767,753,14,82-80,40-42,40-40,37-47
Toronto Blue Jays,2020,32,28,0.533,11.0,,6-4,L1,302,312,-10,29-31,17-9,15-19,12-15
Toronto Blue Jays,2011,81,81,0.5,21.0,10.0,4-6,W1,743,761,-18,79-83,42-39,39-42,38-51
Toronto Blue Jays,2006,87,75,0.537,10.0,8.0,7-3,W2,809,754,55,86-76,50-31,37-44,45-40
Toronto Blue Jays,2014,83,79,0.512,15.0,5.0,6-4,L1,723,686,37,85-77,46-35,37-44,41-47
Toronto Blue Jays,2009,75,87,0.463,28.0,20.0,6-4,L3,798,771,27,84-78,44-37,31-50,44-63
Toronto Blue Jays,2005,80,82,0.494,20.0,13.0,5-5,W1,775,705,70,88-74,43-38,37-44,39-46
Toronto Blue Jays,2004,67,94,0.416,37.5,30.5,4-6,L1,719,823,-104,71-90,40-41,27-53,32-55
Toronto Blue Jays,1998,88,74,0.543,26.0,4.0,6-4,W2,816,768,48,85-77,51-30,37-44,31-32
Toronto Blue Jays,2010,85,77,0.525,12.0,10.0,8-2,W1,755,728,27,84-78,45-33,40-44,56-55
Toronto Blue Jays,2021,91,71,0.562,16.0,1.0,6-4,W3,846,663,183,99-63,47-33,44-38,48-44
Toronto Blue Jays,2003,86,76,0.531,15.0,9.0,7-3,W2,894,826,68,87-75,41-40,45-36,40-45
Toronto Blue Jays,2022,92,70,0.568,19.0,6.0,7-3,W1,775,679,96,91-71,47-34,45-36,45-49
Toronto Blue Jays,2019,67,95,0.414,40.0,29.0,6-4,W2,726,828,-102,71-91,35-46,32-49,35-58
Toronto Blue Jays,2015,93,69,0.574,7.0,,6-4,L2,891,670,221,102-60,53-28,40-41,53-33
Toronto Blue Jays,2018,73,89,0.451,35.0,24.0,4-6,L2,709,832,-123,69-93,40-41,33-48,31-60
Toronto Blue Jays,2024,74,88,0.457,24.0,12.0,2-8,L3,671,743,-72,73-89,39-42,35-46,43-63
Toronto Blue Jays,2007,83,79,0.512,13.0,11.0,6-4,L1,753,699,54,87-75,49-32,34-47,38-39
Toronto Blue Jays,2023,89,73,0.549,15.0,1.0,4-6,L2,746,671,75,89-73,43-38,46-35,43-50
Toronto Blue Jays,2008,86,76,0.531,14.0,9.0,5-5,W1,714,610,104,93-69,47-34,39-42,45-48
Toronto Blue Jays,2016,89,73,0.549,14.5,,6-4,W2,759,666,93,91-71,46-35,43-38,58-45
Washington Nationals,2017,97,65,0.599,7.0,,5-5,L2,819,672,147,96-66,47-34,50-31,23-19
Washington Nationals,2005,81,81,0.5,19.0,8.0,4-6,L3,639,673,-34,77-85,41-40,40-41,48-60
Washington Nationals,2021,65,97,0.401,42.0,25.0,2-8,L5,724,820,-96,72-90,35-46,30-51,27-58
Washington Nationals,2009,59,103,0.364,44.0,33.0,7-3,W7,710,874,-164,66-96,33-48,26-55,27-67
Washington Nationals,2006,71,91,0.438,26.0,17.0,5-5,L3,746,872,-126,70-92,41-40,30-51,28-45
Washington Nationals,2020,26,34,0.433,17.0,,7-3,W3,293,301,-8,29-31,15-18,11-16,14-17
Washington Nationals,2018,82,80,0.506,26.0,8.5,5-5,L1,771,682,89,90-72,41-40,41-40,33-44
Washington Nationals,2013,86,76,0.531,11.0,4.0,5-5,L1,656,626,30,84-78,47-34,39-42,24-41
Washington Nationals,2008,59,102,0.366,40.5,30.5,1-9,L4,641,825,-184,62-99,34-46,25-56,29-68
Washington Nationals,2016,95,67,0.586,8.5,,6-4,W2,763,612,151,97-65,50-31,45-36,31-29
Washington Nationals,2024,71,91,0.438,27.0,18.0,3-7,L1,660,764,-104,70-92,38-43,33-48,38-67
Washington Nationals,2022,55,107,0.34,56.0,32.0,2-8,L5,603,855,-252,56-106,26-55,29-52,30-70
Washington Nationals,2012,98,64,0.605,,,6-4,W2,731,594,137,96-66,50-31,48-33,48-40
Washington Nationals,2023,71,91,0.438,33.0,13.0,4-6,W1,700,845,-145,67-95,34-47,37-44,39-63
Washington Nationals,2014,96,66,0.593,2.0,,8-2,W2,686,555,131,97-65,51-30,45-36,23-23
Washington Nationals,2010,69,93,0.426,28.0,22.0,5-5,W1,655,742,-87,72-90,41-40,28-53,30-45
Washington Nationals,2015,83,79,0.512,17.0,14.0,5-5,L1,703,635,68,89-73,46-35,37-44,28-37
Washington Nationals,2011,80,81,0.497,21.5,9.5,8-2,W1,624,643,-19,78-83,44-36,36-45,35-37
Washington Nationals,2019,93,69,0.574,14.0,4.0,9-1,W8,873,724,149,95-67,50-31,43-38,48-48
Washington Nationals,2007,73,89,0.451,23.0,16.5,5-5,L1,673,783,-110,70-92,40-41,33-48,35-67
